build · lint · test (ts + python)	Set up job	﻿2026-08-10T08:07:19.1074081Z Current runner version: '2.336.0'
build · lint · test (ts + python)	Set up job	2026-08-10T08:07:19.1094592Z ##[group]Runner Image Provisioner
build · lint · test (ts + python)	Set up job	2026-08-10T08:07:19.1095438Z Hosted Compute Agent
build · lint · test (ts + python)	Set up job	2026-08-10T08:07:19.1095959Z Version: 20260707.563
build · lint · test (ts + python)	Set up job	2026-08-10T08:07:19.1096457Z Commit: 02667638d2b423fbc733a8e32a88b44996a3ba6e
build · lint · test (ts + python)	Set up job	2026-08-10T08:07:19.1097109Z Build Date: 2026-07-07T19:33:50Z
build · lint · test (ts + python)	Set up job	2026-08-10T08:07:19.1097669Z Worker ID: {92a30cb6-3175-4eba-a37d-d3c4b4a402b1}
build · lint · test (ts + python)	Set up job	2026-08-10T08:07:19.1098267Z Azure Region: westus3
build · lint · test (ts + python)	Set up job	2026-08-10T08:07:19.1098813Z ##[endgroup]
build · lint · test (ts + python)	Set up job	2026-08-10T08:07:19.1099875Z ##[group]Operating System
build · lint · test (ts + python)	Set up job	2026-08-10T08:07:19.1100444Z Ubuntu
build · lint · test (ts + python)	Set up job	2026-08-10T08:07:19.1100889Z 24.04.4
build · lint · test (ts + python)	Set up job	2026-08-10T08:07:19.1101451Z LTS
build · lint · test (ts + python)	Set up job	2026-08-10T08:07:19.1102028Z ##[endgroup]
build · lint · test (ts + python)	Set up job	2026-08-10T08:07:19.1102508Z ##[group]Runner Image
build · lint · test (ts + python)	Set up job	2026-08-10T08:07:19.1103027Z Image: ubuntu-24.04
build · lint · test (ts + python)	Set up job	2026-08-10T08:07:19.1103506Z Version: 20260720.247.2
build · lint · test (ts + python)	Set up job	2026-08-10T08:07:19.1104360Z Included Software: https://github.com/actions/runner-images/blob/ubuntu24/20260720.247/images/ubuntu/Ubuntu2404-Readme.md
build · lint · test (ts + python)	Set up job	2026-08-10T08:07:19.1105749Z Image Release: https://github.com/actions/runner-images/releases/tag/ubuntu24%2F20260720.247
build · lint · test (ts + python)	Set up job	2026-08-10T08:07:19.1106809Z ##[endgroup]
build · lint · test (ts + python)	Set up job	2026-08-10T08:07:19.1107778Z ##[group]GITHUB_TOKEN Permissions
build · lint · test (ts + python)	Set up job	2026-08-10T08:07:19.1109453Z Contents: read
build · lint · test (ts + python)	Set up job	2026-08-10T08:07:19.1110065Z Metadata: read
build · lint · test (ts + python)	Set up job	2026-08-10T08:07:19.1110526Z ##[endgroup]
build · lint · test (ts + python)	Set up job	2026-08-10T08:07:19.1112496Z Secret source: Actions
build · lint · test (ts + python)	Set up job	2026-08-10T08:07:19.1113394Z Prepare workflow directory
build · lint · test (ts + python)	Set up job	2026-08-10T08:07:19.1371010Z Prepare all required actions
build · lint · test (ts + python)	Set up job	2026-08-10T08:07:19.1415233Z Getting action download info
build · lint · test (ts + python)	Set up job	2026-08-10T08:07:19.4543574Z Download action repository 'actions/checkout@3d3c42e5aac5ba805825da76410c181273ba90b1' (SHA:3d3c42e5aac5ba805825da76410c181273ba90b1)
build · lint · test (ts + python)	Set up job	2026-08-10T08:07:20.1518013Z Download action repository 'oven-sh/setup-bun@0c5077e51419868618aeaa5fe8019c62421857d6' (SHA:0c5077e51419868618aeaa5fe8019c62421857d6)
build · lint · test (ts + python)	Set up job	2026-08-10T08:07:20.7147130Z Download action repository 'actions/setup-node@820762786026740c76f36085b0efc47a31fe5020' (SHA:820762786026740c76f36085b0efc47a31fe5020)
build · lint · test (ts + python)	Set up job	2026-08-10T08:07:21.5102801Z Download action repository 'actions/setup-python@5fda3b95a4ea91299a34e894583c3862153e4b97' (SHA:5fda3b95a4ea91299a34e894583c3862153e4b97)
build · lint · test (ts + python)	Set up job	2026-08-10T08:07:22.3646130Z Download action repository 'open-policy-agent/setup-opa@b2b258e089860efaadaaf71bf6e3aecb4a3eeff1' (SHA:b2b258e089860efaadaaf71bf6e3aecb4a3eeff1)
build · lint · test (ts + python)	Set up job	2026-08-10T08:07:23.0997357Z Complete job name: build · lint · test (ts + python)
build · lint · test (ts + python)	Run actions/checkout@3d3c42e5aac5ba805825da76410c181273ba90b1	﻿2026-08-10T08:07:23.1566080Z ##[group]Run actions/checkout@3d3c42e5aac5ba805825da76410c181273ba90b1
build · lint · test (ts + python)	Run actions/checkout@3d3c42e5aac5ba805825da76410c181273ba90b1	2026-08-10T08:07:23.1566807Z with:
build · lint · test (ts + python)	Run actions/checkout@3d3c42e5aac5ba805825da76410c181273ba90b1	2026-08-10T08:07:23.1567077Z   repository: basicalex/polis
build · lint · test (ts + python)	Run actions/checkout@3d3c42e5aac5ba805825da76410c181273ba90b1	2026-08-10T08:07:23.1569235Z   token: ***
build · lint · test (ts + python)	Run actions/checkout@3d3c42e5aac5ba805825da76410c181273ba90b1	2026-08-10T08:07:23.1569506Z   ssh-strict: true
build · lint · test (ts + python)	Run actions/checkout@3d3c42e5aac5ba805825da76410c181273ba90b1	2026-08-10T08:07:23.1569798Z   ssh-user: git
build · lint · test (ts + python)	Run actions/checkout@3d3c42e5aac5ba805825da76410c181273ba90b1	2026-08-10T08:07:23.1570110Z   persist-credentials: true
build · lint · test (ts + python)	Run actions/checkout@3d3c42e5aac5ba805825da76410c181273ba90b1	2026-08-10T08:07:23.1570398Z   clean: true
build · lint · test (ts + python)	Run actions/checkout@3d3c42e5aac5ba805825da76410c181273ba90b1	2026-08-10T08:07:23.1570713Z   sparse-checkout-cone-mode: true
build · lint · test (ts + python)	Run actions/checkout@3d3c42e5aac5ba805825da76410c181273ba90b1	2026-08-10T08:07:23.1571013Z   fetch-depth: 1
build · lint · test (ts + python)	Run actions/checkout@3d3c42e5aac5ba805825da76410c181273ba90b1	2026-08-10T08:07:23.1571435Z   fetch-tags: false
build · lint · test (ts + python)	Run actions/checkout@3d3c42e5aac5ba805825da76410c181273ba90b1	2026-08-10T08:07:23.1571783Z   show-progress: true
build · lint · test (ts + python)	Run actions/checkout@3d3c42e5aac5ba805825da76410c181273ba90b1	2026-08-10T08:07:23.1572050Z   lfs: false
build · lint · test (ts + python)	Run actions/checkout@3d3c42e5aac5ba805825da76410c181273ba90b1	2026-08-10T08:07:23.1572320Z   submodules: false
build · lint · test (ts + python)	Run actions/checkout@3d3c42e5aac5ba805825da76410c181273ba90b1	2026-08-10T08:07:23.1572597Z   set-safe-directory: true
build · lint · test (ts + python)	Run actions/checkout@3d3c42e5aac5ba805825da76410c181273ba90b1	2026-08-10T08:07:23.1572888Z   allow-unsafe-pr-checkout: false
build · lint · test (ts + python)	Run actions/checkout@3d3c42e5aac5ba805825da76410c181273ba90b1	2026-08-10T08:07:23.1573422Z ##[endgroup]
build · lint · test (ts + python)	Run actions/checkout@3d3c42e5aac5ba805825da76410c181273ba90b1	2026-08-10T08:07:23.2384503Z Syncing repository: basicalex/polis
build · lint · test (ts + python)	Run actions/checkout@3d3c42e5aac5ba805825da76410c181273ba90b1	2026-08-10T08:07:23.2386325Z ##[group]Getting Git version info
build · lint · test (ts + python)	Run actions/checkout@3d3c42e5aac5ba805825da76410c181273ba90b1	2026-08-10T08:07:23.2386904Z Working directory is '/home/runner/work/polis/polis'
build · lint · test (ts + python)	Run actions/checkout@3d3c42e5aac5ba805825da76410c181273ba90b1	2026-08-10T08:07:23.2388063Z [command]/usr/bin/git version
build · lint · test (ts + python)	Run actions/checkout@3d3c42e5aac5ba805825da76410c181273ba90b1	2026-08-10T08:07:23.2397709Z git version 2.54.0
build · lint · test (ts + python)	Run actions/checkout@3d3c42e5aac5ba805825da76410c181273ba90b1	2026-08-10T08:07:23.2413296Z ##[endgroup]
build · lint · test (ts + python)	Run actions/checkout@3d3c42e5aac5ba805825da76410c181273ba90b1	2026-08-10T08:07:23.2421107Z Temporarily overriding HOME='/home/runner/work/_temp/e1937863-80e6-4340-a813-e114ae44abb3' before making global git config changes
build · lint · test (ts + python)	Run actions/checkout@3d3c42e5aac5ba805825da76410c181273ba90b1	2026-08-10T08:07:23.2422655Z Adding repository directory to the temporary git global config as a safe directory
build · lint · test (ts + python)	Run actions/checkout@3d3c42e5aac5ba805825da76410c181273ba90b1	2026-08-10T08:07:23.2425471Z [command]/usr/bin/git config --global --add safe.directory /home/runner/work/polis/polis
build · lint · test (ts + python)	Run actions/checkout@3d3c42e5aac5ba805825da76410c181273ba90b1	2026-08-10T08:07:23.2454849Z Deleting the contents of '/home/runner/work/polis/polis'
build · lint · test (ts + python)	Run actions/checkout@3d3c42e5aac5ba805825da76410c181273ba90b1	2026-08-10T08:07:23.2457631Z ##[group]Determining repository object format
build · lint · test (ts + python)	Run actions/checkout@3d3c42e5aac5ba805825da76410c181273ba90b1	2026-08-10T08:07:23.2458679Z ##[endgroup]
build · lint · test (ts + python)	Run actions/checkout@3d3c42e5aac5ba805825da76410c181273ba90b1	2026-08-10T08:07:23.2459365Z ##[group]Initializing the repository
build · lint · test (ts + python)	Run actions/checkout@3d3c42e5aac5ba805825da76410c181273ba90b1	2026-08-10T08:07:23.2461792Z [command]/usr/bin/git init /home/runner/work/polis/polis
build · lint · test (ts + python)	Run actions/checkout@3d3c42e5aac5ba805825da76410c181273ba90b1	2026-08-10T08:07:23.2560614Z hint: Using 'master' as the name for the initial branch. This default branch name
build · lint · test (ts + python)	Run actions/checkout@3d3c42e5aac5ba805825da76410c181273ba90b1	2026-08-10T08:07:23.2562217Z hint: will change to "main" in Git 3.0. To configure the initial branch name
build · lint · test (ts + python)	Run actions/checkout@3d3c42e5aac5ba805825da76410c181273ba90b1	2026-08-10T08:07:23.2563450Z hint: to use in all of your new repositories, which will suppress this warning,
build · lint · test (ts + python)	Run actions/checkout@3d3c42e5aac5ba805825da76410c181273ba90b1	2026-08-10T08:07:23.2564356Z hint: call:
build · lint · test (ts + python)	Run actions/checkout@3d3c42e5aac5ba805825da76410c181273ba90b1	2026-08-10T08:07:23.2564917Z hint:
build · lint · test (ts + python)	Run actions/checkout@3d3c42e5aac5ba805825da76410c181273ba90b1	2026-08-10T08:07:23.2565564Z hint: 	git config --global init.defaultBranch <name>
build · lint · test (ts + python)	Run actions/checkout@3d3c42e5aac5ba805825da76410c181273ba90b1	2026-08-10T08:07:23.2566346Z hint:
build · lint · test (ts + python)	Run actions/checkout@3d3c42e5aac5ba805825da76410c181273ba90b1	2026-08-10T08:07:23.2566999Z hint: Names commonly chosen instead of 'master' are 'main', 'trunk' and
build · lint · test (ts + python)	Run actions/checkout@3d3c42e5aac5ba805825da76410c181273ba90b1	2026-08-10T08:07:23.2567997Z hint: 'development'. The just-created branch can be renamed via this command:
build · lint · test (ts + python)	Run actions/checkout@3d3c42e5aac5ba805825da76410c181273ba90b1	2026-08-10T08:07:23.2568810Z hint:
build · lint · test (ts + python)	Run actions/checkout@3d3c42e5aac5ba805825da76410c181273ba90b1	2026-08-10T08:07:23.2569330Z hint: 	git branch -m <name>
build · lint · test (ts + python)	Run actions/checkout@3d3c42e5aac5ba805825da76410c181273ba90b1	2026-08-10T08:07:23.2570043Z hint:
build · lint · test (ts + python)	Run actions/checkout@3d3c42e5aac5ba805825da76410c181273ba90b1	2026-08-10T08:07:23.2570696Z hint: Disable this message with "git config set advice.defaultBranchName false"
build · lint · test (ts + python)	Run actions/checkout@3d3c42e5aac5ba805825da76410c181273ba90b1	2026-08-10T08:07:23.2571691Z Initialized empty Git repository in /home/runner/work/polis/polis/.git/
build · lint · test (ts + python)	Run actions/checkout@3d3c42e5aac5ba805825da76410c181273ba90b1	2026-08-10T08:07:23.2573344Z [command]/usr/bin/git remote add origin https://github.com/basicalex/polis
build · lint · test (ts + python)	Run actions/checkout@3d3c42e5aac5ba805825da76410c181273ba90b1	2026-08-10T08:07:23.2598174Z ##[endgroup]
build · lint · test (ts + python)	Run actions/checkout@3d3c42e5aac5ba805825da76410c181273ba90b1	2026-08-10T08:07:23.2660243Z ##[group]Disabling automatic garbage collection
build · lint · test (ts + python)	Run actions/checkout@3d3c42e5aac5ba805825da76410c181273ba90b1	2026-08-10T08:07:23.2660856Z [command]/usr/bin/git config --local gc.auto 0
build · lint · test (ts + python)	Run actions/checkout@3d3c42e5aac5ba805825da76410c181273ba90b1	2026-08-10T08:07:23.2662458Z ##[endgroup]
build · lint · test (ts + python)	Run actions/checkout@3d3c42e5aac5ba805825da76410c181273ba90b1	2026-08-10T08:07:23.2662840Z ##[group]Setting up auth
build · lint · test (ts + python)	Run actions/checkout@3d3c42e5aac5ba805825da76410c181273ba90b1	2026-08-10T08:07:23.2663118Z Removing SSH command configuration
build · lint · test (ts + python)	Run actions/checkout@3d3c42e5aac5ba805825da76410c181273ba90b1	2026-08-10T08:07:23.2663600Z [command]/usr/bin/git config --local --name-only --get-regexp core\.sshCommand
build · lint · test (ts + python)	Run actions/checkout@3d3c42e5aac5ba805825da76410c181273ba90b1	2026-08-10T08:07:23.2691478Z [command]/usr/bin/git submodule foreach --recursive sh -c "git config --local --name-only --get-regexp 'core\.sshCommand' && git config --local --unset-all 'core.sshCommand' || :"
build · lint · test (ts + python)	Run actions/checkout@3d3c42e5aac5ba805825da76410c181273ba90b1	2026-08-10T08:07:23.2954993Z Removing HTTP extra header
build · lint · test (ts + python)	Run actions/checkout@3d3c42e5aac5ba805825da76410c181273ba90b1	2026-08-10T08:07:23.2960571Z [command]/usr/bin/git config --local --name-only --get-regexp http\.https\:\/\/github\.com\/\.extraheader
build · lint · test (ts + python)	Run actions/checkout@3d3c42e5aac5ba805825da76410c181273ba90b1	2026-08-10T08:07:23.2997012Z [command]/usr/bin/git submodule foreach --recursive sh -c "git config --local --name-only --get-regexp 'http\.https\:\/\/github\.com\/\.extraheader' && git config --local --unset-all 'http.https://github.com/.extraheader' || :"
build · lint · test (ts + python)	Run actions/checkout@3d3c42e5aac5ba805825da76410c181273ba90b1	2026-08-10T08:07:23.3192850Z Removing includeIf entries pointing to credentials config files
build · lint · test (ts + python)	Run actions/checkout@3d3c42e5aac5ba805825da76410c181273ba90b1	2026-08-10T08:07:23.3197776Z [command]/usr/bin/git config --local --name-only --get-regexp ^includeIf\.gitdir:
build · lint · test (ts + python)	Run actions/checkout@3d3c42e5aac5ba805825da76410c181273ba90b1	2026-08-10T08:07:23.3227415Z [command]/usr/bin/git submodule foreach --recursive git config --local --show-origin --name-only --get-regexp remote.origin.url
build · lint · test (ts + python)	Run actions/checkout@3d3c42e5aac5ba805825da76410c181273ba90b1	2026-08-10T08:07:23.3425954Z [command]/usr/bin/git config --file /home/runner/work/_temp/git-credentials-144ca6df-194f-4cf7-bfc5-94ba14cb6d98.config http.https://github.com/.extraheader AUTHORIZATION: basic ***
build · lint · test (ts + python)	Run actions/checkout@3d3c42e5aac5ba805825da76410c181273ba90b1	2026-08-10T08:07:23.3459621Z [command]/usr/bin/git config --local includeIf.gitdir:/home/runner/work/polis/polis/.git.path /home/runner/work/_temp/git-credentials-144ca6df-194f-4cf7-bfc5-94ba14cb6d98.config
build · lint · test (ts + python)	Run actions/checkout@3d3c42e5aac5ba805825da76410c181273ba90b1	2026-08-10T08:07:23.3488102Z [command]/usr/bin/git config --local includeIf.gitdir:/home/runner/work/polis/polis/.git/worktrees/*.path /home/runner/work/_temp/git-credentials-144ca6df-194f-4cf7-bfc5-94ba14cb6d98.config
build · lint · test (ts + python)	Run actions/checkout@3d3c42e5aac5ba805825da76410c181273ba90b1	2026-08-10T08:07:23.3516943Z [command]/usr/bin/git config --local includeIf.gitdir:/github/workspace/.git.path /github/runner_temp/git-credentials-144ca6df-194f-4cf7-bfc5-94ba14cb6d98.config
build · lint · test (ts + python)	Run actions/checkout@3d3c42e5aac5ba805825da76410c181273ba90b1	2026-08-10T08:07:23.3546692Z [command]/usr/bin/git config --local includeIf.gitdir:/github/workspace/.git/worktrees/*.path /github/runner_temp/git-credentials-144ca6df-194f-4cf7-bfc5-94ba14cb6d98.config
build · lint · test (ts + python)	Run actions/checkout@3d3c42e5aac5ba805825da76410c181273ba90b1	2026-08-10T08:07:23.3573614Z ##[endgroup]
build · lint · test (ts + python)	Run actions/checkout@3d3c42e5aac5ba805825da76410c181273ba90b1	2026-08-10T08:07:23.3573950Z ##[group]Fetching the repository
build · lint · test (ts + python)	Run actions/checkout@3d3c42e5aac5ba805825da76410c181273ba90b1	2026-08-10T08:07:23.3579905Z [command]/usr/bin/git -c protocol.version=2 fetch --no-tags --prune --no-recurse-submodules --depth=1 origin +02b26c5c922359357af3b52b7ba74b903036b696:refs/remotes/origin/main
build · lint · test (ts + python)	Run actions/checkout@3d3c42e5aac5ba805825da76410c181273ba90b1	2026-08-10T08:07:24.4921597Z From https://github.com/basicalex/polis
build · lint · test (ts + python)	Run actions/checkout@3d3c42e5aac5ba805825da76410c181273ba90b1	2026-08-10T08:07:24.4922260Z  * [new ref]         02b26c5c922359357af3b52b7ba74b903036b696 -> origin/main
build · lint · test (ts + python)	Run actions/checkout@3d3c42e5aac5ba805825da76410c181273ba90b1	2026-08-10T08:07:24.4946159Z [command]/usr/bin/git branch --list --remote origin/main
build · lint · test (ts + python)	Run actions/checkout@3d3c42e5aac5ba805825da76410c181273ba90b1	2026-08-10T08:07:24.4971042Z   origin/main
build · lint · test (ts + python)	Run actions/checkout@3d3c42e5aac5ba805825da76410c181273ba90b1	2026-08-10T08:07:24.4977345Z [command]/usr/bin/git rev-parse refs/remotes/origin/main
build · lint · test (ts + python)	Run actions/checkout@3d3c42e5aac5ba805825da76410c181273ba90b1	2026-08-10T08:07:24.4999913Z 02b26c5c922359357af3b52b7ba74b903036b696
build · lint · test (ts + python)	Run actions/checkout@3d3c42e5aac5ba805825da76410c181273ba90b1	2026-08-10T08:07:24.5003363Z ##[endgroup]
build · lint · test (ts + python)	Run actions/checkout@3d3c42e5aac5ba805825da76410c181273ba90b1	2026-08-10T08:07:24.5003838Z ##[group]Determining the checkout info
build · lint · test (ts + python)	Run actions/checkout@3d3c42e5aac5ba805825da76410c181273ba90b1	2026-08-10T08:07:24.5004367Z ##[endgroup]
build · lint · test (ts + python)	Run actions/checkout@3d3c42e5aac5ba805825da76410c181273ba90b1	2026-08-10T08:07:24.5007192Z [command]/usr/bin/git sparse-checkout disable
build · lint · test (ts + python)	Run actions/checkout@3d3c42e5aac5ba805825da76410c181273ba90b1	2026-08-10T08:07:24.5042488Z [command]/usr/bin/git config --local --unset-all extensions.worktreeConfig
build · lint · test (ts + python)	Run actions/checkout@3d3c42e5aac5ba805825da76410c181273ba90b1	2026-08-10T08:07:24.5069505Z ##[group]Checking out the ref
build · lint · test (ts + python)	Run actions/checkout@3d3c42e5aac5ba805825da76410c181273ba90b1	2026-08-10T08:07:24.5072926Z [command]/usr/bin/git checkout --progress --force -B main refs/remotes/origin/main
build · lint · test (ts + python)	Run actions/checkout@3d3c42e5aac5ba805825da76410c181273ba90b1	2026-08-10T08:07:24.5618253Z Switched to a new branch 'main'
build · lint · test (ts + python)	Run actions/checkout@3d3c42e5aac5ba805825da76410c181273ba90b1	2026-08-10T08:07:24.5619813Z branch 'main' set up to track 'origin/main'.
build · lint · test (ts + python)	Run actions/checkout@3d3c42e5aac5ba805825da76410c181273ba90b1	2026-08-10T08:07:24.5627535Z ##[endgroup]
build · lint · test (ts + python)	Run actions/checkout@3d3c42e5aac5ba805825da76410c181273ba90b1	2026-08-10T08:07:24.5665954Z [command]/usr/bin/git log -1 --format=%H
build · lint · test (ts + python)	Run actions/checkout@3d3c42e5aac5ba805825da76410c181273ba90b1	2026-08-10T08:07:24.5690560Z 02b26c5c922359357af3b52b7ba74b903036b696
build · lint · test (ts + python)	Run oven-sh/setup-bun@0c5077e51419868618aeaa5fe8019c62421857d6	﻿2026-08-10T08:07:24.5898610Z ##[group]Run oven-sh/setup-bun@0c5077e51419868618aeaa5fe8019c62421857d6
build · lint · test (ts + python)	Run oven-sh/setup-bun@0c5077e51419868618aeaa5fe8019c62421857d6	2026-08-10T08:07:24.5898934Z with:
build · lint · test (ts + python)	Run oven-sh/setup-bun@0c5077e51419868618aeaa5fe8019c62421857d6	2026-08-10T08:07:24.5899102Z   bun-version: 1.3.14
build · lint · test (ts + python)	Run oven-sh/setup-bun@0c5077e51419868618aeaa5fe8019c62421857d6	2026-08-10T08:07:24.5899284Z   no-cache: false
build · lint · test (ts + python)	Run oven-sh/setup-bun@0c5077e51419868618aeaa5fe8019c62421857d6	2026-08-10T08:07:24.5901182Z   token: ***
build · lint · test (ts + python)	Run oven-sh/setup-bun@0c5077e51419868618aeaa5fe8019c62421857d6	2026-08-10T08:07:24.5901520Z ##[endgroup]
build · lint · test (ts + python)	Run oven-sh/setup-bun@0c5077e51419868618aeaa5fe8019c62421857d6	2026-08-10T08:07:24.9360857Z Cache hit for: bun-fR4r1tsFeXfPQkusQwkKD2kGnsE=
build · lint · test (ts + python)	Run oven-sh/setup-bun@0c5077e51419868618aeaa5fe8019c62421857d6	2026-08-10T08:07:26.1832886Z Received 25455161 of 33843769 (75.2%), 24.3 MBs/sec
build · lint · test (ts + python)	Run oven-sh/setup-bun@0c5077e51419868618aeaa5fe8019c62421857d6	2026-08-10T08:07:26.3105458Z Received 33843769 of 33843769 (100.0%), 28.6 MBs/sec
build · lint · test (ts + python)	Run oven-sh/setup-bun@0c5077e51419868618aeaa5fe8019c62421857d6	2026-08-10T08:07:26.3105939Z Cache Size: ~32 MB (33843769 B)
build · lint · test (ts + python)	Run oven-sh/setup-bun@0c5077e51419868618aeaa5fe8019c62421857d6	2026-08-10T08:07:26.3130173Z [command]/usr/bin/tar -xf /home/runner/work/_temp/d75184a1-f119-40e8-8873-ea7aa85224f4/cache.tzst -P -C /home/runner/work/polis/polis --use-compress-program unzstd
build · lint · test (ts + python)	Run oven-sh/setup-bun@0c5077e51419868618aeaa5fe8019c62421857d6	2026-08-10T08:07:26.4272686Z Cache restored successfully
build · lint · test (ts + python)	Run oven-sh/setup-bun@0c5077e51419868618aeaa5fe8019c62421857d6	2026-08-10T08:07:26.4296394Z [command]/home/runner/.bun/bin/bun --revision
build · lint · test (ts + python)	Run oven-sh/setup-bun@0c5077e51419868618aeaa5fe8019c62421857d6	2026-08-10T08:07:26.4340316Z 1.3.14+0d9b296af
build · lint · test (ts + python)	Run oven-sh/setup-bun@0c5077e51419868618aeaa5fe8019c62421857d6	2026-08-10T08:07:26.4351839Z Using a cached version of Bun: 1.3.14+0d9b296af
build · lint · test (ts + python)	Run actions/setup-node@820762786026740c76f36085b0efc47a31fe5020	﻿2026-08-10T08:07:26.4510593Z ##[group]Run actions/setup-node@820762786026740c76f36085b0efc47a31fe5020
build · lint · test (ts + python)	Run actions/setup-node@820762786026740c76f36085b0efc47a31fe5020	2026-08-10T08:07:26.4510915Z with:
build · lint · test (ts + python)	Run actions/setup-node@820762786026740c76f36085b0efc47a31fe5020	2026-08-10T08:07:26.4511077Z   node-version: 24
build · lint · test (ts + python)	Run actions/setup-node@820762786026740c76f36085b0efc47a31fe5020	2026-08-10T08:07:26.4511428Z   check-latest: false
build · lint · test (ts + python)	Run actions/setup-node@820762786026740c76f36085b0efc47a31fe5020	2026-08-10T08:07:26.4513503Z   token: ***
build · lint · test (ts + python)	Run actions/setup-node@820762786026740c76f36085b0efc47a31fe5020	2026-08-10T08:07:26.4513736Z   package-manager-cache: true
build · lint · test (ts + python)	Run actions/setup-node@820762786026740c76f36085b0efc47a31fe5020	2026-08-10T08:07:26.4513982Z ##[endgroup]
build · lint · test (ts + python)	Run actions/setup-node@820762786026740c76f36085b0efc47a31fe5020	2026-08-10T08:07:26.5566704Z Found in cache @ /opt/hostedtoolcache/node/24.18.0/x64
build · lint · test (ts + python)	Run actions/setup-node@820762786026740c76f36085b0efc47a31fe5020	2026-08-10T08:07:26.5569399Z ##[group]Environment details
build · lint · test (ts + python)	Run actions/setup-node@820762786026740c76f36085b0efc47a31fe5020	2026-08-10T08:07:28.1490209Z node: v24.18.0
build · lint · test (ts + python)	Run actions/setup-node@820762786026740c76f36085b0efc47a31fe5020	2026-08-10T08:07:28.1490696Z npm: 11.16.0
build · lint · test (ts + python)	Run actions/setup-node@820762786026740c76f36085b0efc47a31fe5020	2026-08-10T08:07:28.1490943Z yarn: 1.22.22
build · lint · test (ts + python)	Run actions/setup-node@820762786026740c76f36085b0efc47a31fe5020	2026-08-10T08:07:28.1491743Z ##[endgroup]
build · lint · test (ts + python)	Run actions/setup-python@5fda3b95a4ea91299a34e894583c3862153e4b97	﻿2026-08-10T08:07:28.1617555Z ##[group]Run actions/setup-python@5fda3b95a4ea91299a34e894583c3862153e4b97
build · lint · test (ts + python)	Run actions/setup-python@5fda3b95a4ea91299a34e894583c3862153e4b97	2026-08-10T08:07:28.1617941Z with:
build · lint · test (ts + python)	Run actions/setup-python@5fda3b95a4ea91299a34e894583c3862153e4b97	2026-08-10T08:07:28.1618107Z   python-version: 3.12
build · lint · test (ts + python)	Run actions/setup-python@5fda3b95a4ea91299a34e894583c3862153e4b97	2026-08-10T08:07:28.1618299Z   check-latest: false
build · lint · test (ts + python)	Run actions/setup-python@5fda3b95a4ea91299a34e894583c3862153e4b97	2026-08-10T08:07:28.1620209Z   token: ***
build · lint · test (ts + python)	Run actions/setup-python@5fda3b95a4ea91299a34e894583c3862153e4b97	2026-08-10T08:07:28.1620390Z   update-environment: true
build · lint · test (ts + python)	Run actions/setup-python@5fda3b95a4ea91299a34e894583c3862153e4b97	2026-08-10T08:07:28.1620596Z   allow-prereleases: false
build · lint · test (ts + python)	Run actions/setup-python@5fda3b95a4ea91299a34e894583c3862153e4b97	2026-08-10T08:07:28.1620802Z   freethreaded: false
build · lint · test (ts + python)	Run actions/setup-python@5fda3b95a4ea91299a34e894583c3862153e4b97	2026-08-10T08:07:28.1620980Z ##[endgroup]
build · lint · test (ts + python)	Run actions/setup-python@5fda3b95a4ea91299a34e894583c3862153e4b97	2026-08-10T08:07:28.2570723Z ##[group]Installed versions
build · lint · test (ts + python)	Run actions/setup-python@5fda3b95a4ea91299a34e894583c3862153e4b97	2026-08-10T08:07:28.2961857Z Successfully set up CPython (3.12.13)
build · lint · test (ts + python)	Run actions/setup-python@5fda3b95a4ea91299a34e894583c3862153e4b97	2026-08-10T08:07:28.2962545Z ##[endgroup]
build · lint · test (ts + python)	Install uv	﻿2026-08-10T08:07:28.3079496Z ##[group]Run pip install uv
build · lint · test (ts + python)	Install uv	2026-08-10T08:07:28.3079791Z ^[[36;1mpip install uv^[[0m
build · lint · test (ts + python)	Install uv	2026-08-10T08:07:28.3220100Z shell: /usr/bin/bash -e {0}
build · lint · test (ts + python)	Install uv	2026-08-10T08:07:28.3220374Z env:
build · lint · test (ts + python)	Install uv	2026-08-10T08:07:28.3220609Z   pythonLocation: /opt/hostedtoolcache/Python/3.12.13/x64
build · lint · test (ts + python)	Install uv	2026-08-10T08:07:28.3220979Z   PKG_CONFIG_PATH: /opt/hostedtoolcache/Python/3.12.13/x64/lib/pkgconfig
build · lint · test (ts + python)	Install uv	2026-08-10T08:07:28.3221601Z   Python_ROOT_DIR: /opt/hostedtoolcache/Python/3.12.13/x64
build · lint · test (ts + python)	Install uv	2026-08-10T08:07:28.3221913Z   Python2_ROOT_DIR: /opt/hostedtoolcache/Python/3.12.13/x64
build · lint · test (ts + python)	Install uv	2026-08-10T08:07:28.3222218Z   Python3_ROOT_DIR: /opt/hostedtoolcache/Python/3.12.13/x64
build · lint · test (ts + python)	Install uv	2026-08-10T08:07:28.3222523Z   LD_LIBRARY_PATH: /opt/hostedtoolcache/Python/3.12.13/x64/lib
build · lint · test (ts + python)	Install uv	2026-08-10T08:07:28.3222782Z ##[endgroup]
build · lint · test (ts + python)	Install uv	2026-08-10T08:07:31.3320597Z Collecting uv
build · lint · test (ts + python)	Install uv	2026-08-10T08:07:31.4007414Z   Downloading uv-0.12.3-py3-none-manylinux_2_17_x86_64.manylinux2014_x86_64.whl.metadata (11 kB)
build · lint · test (ts + python)	Install uv	2026-08-10T08:07:31.4144706Z Downloading uv-0.12.3-py3-none-manylinux_2_17_x86_64.manylinux2014_x86_64.whl (22.3 MB)
build · lint · test (ts + python)	Install uv	2026-08-10T08:07:32.0227060Z    ━━━━━━━━━━━━━━━━━━━━━━━━━━━━━━━━━━━━━━━━ 22.3/22.3 MB 38.6 MB/s  0:00:00
build · lint · test (ts + python)	Install uv	2026-08-10T08:07:32.1172976Z Installing collected packages: uv
build · lint · test (ts + python)	Install uv	2026-08-10T08:07:32.3166234Z Successfully installed uv-0.12.3
build · lint · test (ts + python)	Install uv	2026-08-10T08:07:32.3172104Z 
build · lint · test (ts + python)	Install uv	2026-08-10T08:07:32.3172438Z [notice] A new release of pip is available: 26.1.2 -> 26.2.1
build · lint · test (ts + python)	Install uv	2026-08-10T08:07:32.3172944Z [notice] To update, run: pip install --upgrade pip
build · lint · test (ts + python)	Install OPA (policy-as-code)	﻿2026-08-10T08:07:32.3657519Z ##[group]Run open-policy-agent/setup-opa@b2b258e089860efaadaaf71bf6e3aecb4a3eeff1
build · lint · test (ts + python)	Install OPA (policy-as-code)	2026-08-10T08:07:32.3657877Z with:
build · lint · test (ts + python)	Install OPA (policy-as-code)	2026-08-10T08:07:32.3658040Z   version: 1.17.1
build · lint · test (ts + python)	Install OPA (policy-as-code)	2026-08-10T08:07:32.3658212Z   static: false
build · lint · test (ts + python)	Install OPA (policy-as-code)	2026-08-10T08:07:32.3660140Z   github-token: ***
build · lint · test (ts + python)	Install OPA (policy-as-code)	2026-08-10T08:07:32.3660345Z   mirror: https://github.com
build · lint · test (ts + python)	Install OPA (policy-as-code)	2026-08-10T08:07:32.3660550Z env:
build · lint · test (ts + python)	Install OPA (policy-as-code)	2026-08-10T08:07:32.3660765Z   pythonLocation: /opt/hostedtoolcache/Python/3.12.13/x64
build · lint · test (ts + python)	Install OPA (policy-as-code)	2026-08-10T08:07:32.3661111Z   PKG_CONFIG_PATH: /opt/hostedtoolcache/Python/3.12.13/x64/lib/pkgconfig
build · lint · test (ts + python)	Install OPA (policy-as-code)	2026-08-10T08:07:32.3661629Z   Python_ROOT_DIR: /opt/hostedtoolcache/Python/3.12.13/x64
build · lint · test (ts + python)	Install OPA (policy-as-code)	2026-08-10T08:07:32.3661945Z   Python2_ROOT_DIR: /opt/hostedtoolcache/Python/3.12.13/x64
build · lint · test (ts + python)	Install OPA (policy-as-code)	2026-08-10T08:07:32.3662247Z   Python3_ROOT_DIR: /opt/hostedtoolcache/Python/3.12.13/x64
build · lint · test (ts + python)	Install OPA (policy-as-code)	2026-08-10T08:07:32.3662541Z   LD_LIBRARY_PATH: /opt/hostedtoolcache/Python/3.12.13/x64/lib
build · lint · test (ts + python)	Install OPA (policy-as-code)	2026-08-10T08:07:32.3662798Z ##[endgroup]
build · lint · test (ts + python)	Install OPA (policy-as-code)	2026-08-10T08:07:33.4211145Z Setup Open Policy Agent CLI version 1.17.1
build · lint · test (ts + python)	Install dependencies	﻿2026-08-10T08:07:33.4317539Z ##[group]Run bun install --frozen-lockfile
build · lint · test (ts + python)	Install dependencies	2026-08-10T08:07:33.4317866Z ^[[36;1mbun install --frozen-lockfile^[[0m
build · lint · test (ts + python)	Install dependencies	2026-08-10T08:07:33.4357411Z shell: /usr/bin/bash -e {0}
build · lint · test (ts + python)	Install dependencies	2026-08-10T08:07:33.4357621Z env:
build · lint · test (ts + python)	Install dependencies	2026-08-10T08:07:33.4357849Z   pythonLocation: /opt/hostedtoolcache/Python/3.12.13/x64
build · lint · test (ts + python)	Install dependencies	2026-08-10T08:07:33.4358227Z   PKG_CONFIG_PATH: /opt/hostedtoolcache/Python/3.12.13/x64/lib/pkgconfig
build · lint · test (ts + python)	Install dependencies	2026-08-10T08:07:33.4358576Z   Python_ROOT_DIR: /opt/hostedtoolcache/Python/3.12.13/x64
build · lint · test (ts + python)	Install dependencies	2026-08-10T08:07:33.4358875Z   Python2_ROOT_DIR: /opt/hostedtoolcache/Python/3.12.13/x64
build · lint · test (ts + python)	Install dependencies	2026-08-10T08:07:33.4359183Z   Python3_ROOT_DIR: /opt/hostedtoolcache/Python/3.12.13/x64
build · lint · test (ts + python)	Install dependencies	2026-08-10T08:07:33.4359480Z   LD_LIBRARY_PATH: /opt/hostedtoolcache/Python/3.12.13/x64/lib
build · lint · test (ts + python)	Install dependencies	2026-08-10T08:07:33.4359739Z ##[endgroup]
build · lint · test (ts + python)	Install dependencies	2026-08-10T08:07:33.4438494Z bun install v1.3.14 (0d9b296a)
build · lint · test (ts + python)	Install dependencies	2026-08-10T08:07:34.6839382Z 
build · lint · test (ts + python)	Install dependencies	2026-08-10T08:07:34.6852556Z + @astrojs/check@0.9.10
build · lint · test (ts + python)	Install dependencies	2026-08-10T08:07:34.6852956Z + @eslint/js@9.39.5
build · lint · test (ts + python)	Install dependencies	2026-08-10T08:07:34.6853308Z + @types/node@24.13.3
build · lint · test (ts + python)	Install dependencies	2026-08-10T08:07:34.6853721Z + astro@7.2.0
build · lint · test (ts + python)	Install dependencies	2026-08-10T08:07:34.6854022Z + eslint@9.39.5
build · lint · test (ts + python)	Install dependencies	2026-08-10T08:07:34.6854336Z + globals@15.15.0
build · lint · test (ts + python)	Install dependencies	2026-08-10T08:07:34.6854745Z + prettier@3.9.6
build · lint · test (ts + python)	Install dependencies	2026-08-10T08:07:34.6855066Z + ts7@7.0.1-rc
build · lint · test (ts + python)	Install dependencies	2026-08-10T08:07:34.6855387Z + typescript@5.9.3
build · lint · test (ts + python)	Install dependencies	2026-08-10T08:07:34.6855744Z + typescript-eslint@8.66.0
build · lint · test (ts + python)	Install dependencies	2026-08-10T08:07:34.6856013Z + zod@4.4.3
build · lint · test (ts + python)	Install dependencies	2026-08-10T08:07:34.6856150Z 
build · lint · test (ts + python)	Install dependencies	2026-08-10T08:07:34.6856424Z 950 packages installed [1241.00ms]
build · lint · test (ts + python)	Sync Python workspace	﻿2026-08-10T08:07:34.6985874Z ##[group]Run uv sync
build · lint · test (ts + python)	Sync Python workspace	2026-08-10T08:07:34.6986226Z ^[[36;1muv sync^[[0m
build · lint · test (ts + python)	Sync Python workspace	2026-08-10T08:07:34.7045748Z shell: /usr/bin/bash -e {0}
build · lint · test (ts + python)	Sync Python workspace	2026-08-10T08:07:34.7046056Z env:
build · lint · test (ts + python)	Sync Python workspace	2026-08-10T08:07:34.7046369Z   pythonLocation: /opt/hostedtoolcache/Python/3.12.13/x64
build · lint · test (ts + python)	Sync Python workspace	2026-08-10T08:07:34.7046732Z   PKG_CONFIG_PATH: /opt/hostedtoolcache/Python/3.12.13/x64/lib/pkgconfig
build · lint · test (ts + python)	Sync Python workspace	2026-08-10T08:07:34.7047071Z   Python_ROOT_DIR: /opt/hostedtoolcache/Python/3.12.13/x64
build · lint · test (ts + python)	Sync Python workspace	2026-08-10T08:07:34.7047376Z   Python2_ROOT_DIR: /opt/hostedtoolcache/Python/3.12.13/x64
build · lint · test (ts + python)	Sync Python workspace	2026-08-10T08:07:34.7047676Z   Python3_ROOT_DIR: /opt/hostedtoolcache/Python/3.12.13/x64
build · lint · test (ts + python)	Sync Python workspace	2026-08-10T08:07:34.7047970Z   LD_LIBRARY_PATH: /opt/hostedtoolcache/Python/3.12.13/x64/lib
build · lint · test (ts + python)	Sync Python workspace	2026-08-10T08:07:34.7048227Z ##[endgroup]
build · lint · test (ts + python)	Sync Python workspace	2026-08-10T08:07:34.7580215Z Using CPython 3.12.13 interpreter at: /opt/hostedtoolcache/Python/3.12.13/x64/bin/python3.12
build · lint · test (ts + python)	Sync Python workspace	2026-08-10T08:07:34.7580891Z Creating virtual environment at: .venv
build · lint · test (ts + python)	Sync Python workspace	2026-08-10T08:07:34.7615318Z Resolved 42 packages in 0.96ms
build · lint · test (ts + python)	Sync Python workspace	2026-08-10T08:07:34.8036790Z    Building polis-core @ file:///home/runner/work/polis/polis/packages/py-core
build · lint · test (ts + python)	Sync Python workspace	2026-08-10T08:07:34.8038189Z    Building polis-ai-gateway @ file:///home/runner/work/polis/polis/services/ai-gateway
build · lint · test (ts + python)	Sync Python workspace	2026-08-10T08:07:34.8146058Z Downloading ast-serialize (1.2MiB)
build · lint · test (ts + python)	Sync Python workspace	2026-08-10T08:07:34.8146692Z Downloading uvloop (4.2MiB)
build · lint · test (ts + python)	Sync Python workspace	2026-08-10T08:07:34.8326842Z Downloading ruff (11.0MiB)
build · lint · test (ts + python)	Sync Python workspace	2026-08-10T08:07:34.8329199Z Downloading psycopg-binary (4.9MiB)
build · lint · test (ts + python)	Sync Python workspace	2026-08-10T08:07:34.8332309Z Downloading pydantic-core (2.0MiB)
build · lint · test (ts + python)	Sync Python workspace	2026-08-10T08:07:34.8335543Z Downloading pygments (1.2MiB)
build · lint · test (ts + python)	Sync Python workspace	2026-08-10T08:07:34.8342709Z Downloading mypy (14.4MiB)
build · lint · test (ts + python)	Sync Python workspace	2026-08-10T08:07:35.0172728Z  Downloaded ast-serialize
build · lint · test (ts + python)	Sync Python workspace	2026-08-10T08:07:35.0660548Z  Downloaded pydantic-core
build · lint · test (ts + python)	Sync Python workspace	2026-08-10T08:07:35.2344266Z  Downloaded psycopg-binary
build · lint · test (ts + python)	Sync Python workspace	2026-08-10T08:07:35.3297233Z  Downloaded uvloop
build · lint · test (ts + python)	Sync Python workspace	2026-08-10T08:07:35.3328905Z  Downloaded ruff
build · lint · test (ts + python)	Sync Python workspace	2026-08-10T08:07:35.3590603Z  Downloaded pygments
build · lint · test (ts + python)	Sync Python workspace	2026-08-10T08:07:35.4907680Z       Built polis-core @ file:///home/runner/work/polis/polis/packages/py-core
build · lint · test (ts + python)	Sync Python workspace	2026-08-10T08:07:35.5100698Z       Built polis-ai-gateway @ file:///home/runner/work/polis/polis/services/ai-gateway
build · lint · test (ts + python)	Sync Python workspace	2026-08-10T08:07:35.5584322Z  Downloaded mypy
build · lint · test (ts + python)	Sync Python workspace	2026-08-10T08:07:35.5585780Z Prepared 39 packages in 795ms
build · lint · test (ts + python)	Sync Python workspace	2026-08-10T08:07:35.5992859Z Installed 39 packages in 40ms
build · lint · test (ts + python)	Sync Python workspace	2026-08-10T08:07:35.5993287Z  + annotated-doc==0.0.4
build · lint · test (ts + python)	Sync Python workspace	2026-08-10T08:07:35.5993599Z  + annotated-types==0.7.0
build · lint · test (ts + python)	Sync Python workspace	2026-08-10T08:07:35.5993899Z  + anyio==4.14.0
build · lint · test (ts + python)	Sync Python workspace	2026-08-10T08:07:35.5994169Z  + ast-serialize==0.5.0
build · lint · test (ts + python)	Sync Python workspace	2026-08-10T08:07:35.5994494Z  + certifi==2026.6.17
build · lint · test (ts + python)	Sync Python workspace	2026-08-10T08:07:35.5995070Z  + click==8.4.1
build · lint · test (ts + python)	Sync Python workspace	2026-08-10T08:07:35.5995508Z  + fastapi==0.138.0
build · lint · test (ts + python)	Sync Python workspace	2026-08-10T08:07:35.5995837Z  + h11==0.16.0
build · lint · test (ts + python)	Sync Python workspace	2026-08-10T08:07:35.5996155Z  + httpcore==1.0.9
build · lint · test (ts + python)	Sync Python workspace	2026-08-10T08:07:35.5996502Z  + httptools==0.8.0
build · lint · test (ts + python)	Sync Python workspace	2026-08-10T08:07:35.5996843Z  + httpx==0.28.1
build · lint · test (ts + python)	Sync Python workspace	2026-08-10T08:07:35.5997197Z  + idna==3.18
build · lint · test (ts + python)	Sync Python workspace	2026-08-10T08:07:35.5997538Z  + iniconfig==2.3.0
build · lint · test (ts + python)	Sync Python workspace	2026-08-10T08:07:35.5997903Z  + librt==0.11.0
build · lint · test (ts + python)	Sync Python workspace	2026-08-10T08:07:35.5998247Z  + mypy==2.1.0
build · lint · test (ts + python)	Sync Python workspace	2026-08-10T08:07:35.5998615Z  + mypy-extensions==1.1.0
build · lint · test (ts + python)	Sync Python workspace	2026-08-10T08:07:35.5998976Z  + packaging==26.2
build · lint · test (ts + python)	Sync Python workspace	2026-08-10T08:07:35.5999312Z  + pathspec==1.1.1
build · lint · test (ts + python)	Sync Python workspace	2026-08-10T08:07:35.5999658Z  + pluggy==1.6.0
build · lint · test (ts + python)	Sync Python workspace	2026-08-10T08:07:35.6000326Z  + polis-ai-gateway==0.1.0 (from file:///home/runner/work/polis/polis/services/ai-gateway)
build · lint · test (ts + python)	Sync Python workspace	2026-08-10T08:07:35.6001110Z  + polis-core==0.1.0 (from file:///home/runner/work/polis/polis/packages/py-core)
build · lint · test (ts + python)	Sync Python workspace	2026-08-10T08:07:35.6001838Z  + psycopg==3.3.4
build · lint · test (ts + python)	Sync Python workspace	2026-08-10T08:07:35.6002199Z  + psycopg-binary==3.3.4
build · lint · test (ts + python)	Sync Python workspace	2026-08-10T08:07:35.6002623Z  + psycopg-pool==3.3.1
build · lint · test (ts + python)	Sync Python workspace	2026-08-10T08:07:35.6002976Z  + pydantic==2.13.4
build · lint · test (ts + python)	Sync Python workspace	2026-08-10T08:07:35.6003338Z  + pydantic-core==2.46.4
build · lint · test (ts + python)	Sync Python workspace	2026-08-10T08:07:35.6003718Z  + pygments==2.20.0
build · lint · test (ts + python)	Sync Python workspace	2026-08-10T08:07:35.6004077Z  + pytest==9.1.1
build · lint · test (ts + python)	Sync Python workspace	2026-08-10T08:07:35.6004443Z  + pytest-asyncio==1.4.0
build · lint · test (ts + python)	Sync Python workspace	2026-08-10T08:07:35.6004833Z  + python-dotenv==1.2.2
build · lint · test (ts + python)	Sync Python workspace	2026-08-10T08:07:35.6005313Z  + pyyaml==6.0.3
build · lint · test (ts + python)	Sync Python workspace	2026-08-10T08:07:35.6005670Z  + ruff==0.15.18
build · lint · test (ts + python)	Sync Python workspace	2026-08-10T08:07:35.6006021Z  + starlette==1.3.1
build · lint · test (ts + python)	Sync Python workspace	2026-08-10T08:07:35.6006782Z  + typing-extensions==4.15.0
build · lint · test (ts + python)	Sync Python workspace	2026-08-10T08:07:35.6007216Z  + typing-inspection==0.4.2
build · lint · test (ts + python)	Sync Python workspace	2026-08-10T08:07:35.6007831Z  + uvicorn==0.49.0
build · lint · test (ts + python)	Sync Python workspace	2026-08-10T08:07:35.6008196Z  + uvloop==0.22.1
build · lint · test (ts + python)	Sync Python workspace	2026-08-10T08:07:35.6008553Z  + watchfiles==1.2.0
build · lint · test (ts + python)	Sync Python workspace	2026-08-10T08:07:35.6008922Z  + websockets==16.0
build · lint · test (ts + python)	Lint (eslint + prettier)	﻿2026-08-10T08:07:35.6172992Z ##[group]Run bun run lint
build · lint · test (ts + python)	Lint (eslint + prettier)	2026-08-10T08:07:35.6173359Z ^[[36;1mbun run lint^[[0m
build · lint · test (ts + python)	Lint (eslint + prettier)	2026-08-10T08:07:35.6218923Z shell: /usr/bin/bash -e {0}
build · lint · test (ts + python)	Lint (eslint + prettier)	2026-08-10T08:07:35.6219148Z env:
build · lint · test (ts + python)	Lint (eslint + prettier)	2026-08-10T08:07:35.6219374Z   pythonLocation: /opt/hostedtoolcache/Python/3.12.13/x64
build · lint · test (ts + python)	Lint (eslint + prettier)	2026-08-10T08:07:35.6219749Z   PKG_CONFIG_PATH: /opt/hostedtoolcache/Python/3.12.13/x64/lib/pkgconfig
build · lint · test (ts + python)	Lint (eslint + prettier)	2026-08-10T08:07:35.6220104Z   Python_ROOT_DIR: /opt/hostedtoolcache/Python/3.12.13/x64
build · lint · test (ts + python)	Lint (eslint + prettier)	2026-08-10T08:07:35.6220419Z   Python2_ROOT_DIR: /opt/hostedtoolcache/Python/3.12.13/x64
build · lint · test (ts + python)	Lint (eslint + prettier)	2026-08-10T08:07:35.6220714Z   Python3_ROOT_DIR: /opt/hostedtoolcache/Python/3.12.13/x64
build · lint · test (ts + python)	Lint (eslint + prettier)	2026-08-10T08:07:35.6221025Z   LD_LIBRARY_PATH: /opt/hostedtoolcache/Python/3.12.13/x64/lib
build · lint · test (ts + python)	Lint (eslint + prettier)	2026-08-10T08:07:35.6221494Z ##[endgroup]
build · lint · test (ts + python)	Lint (eslint + prettier)	2026-08-10T08:07:35.6352143Z $ eslint . && prettier --check .
build · lint · test (ts + python)	Lint (eslint + prettier)	2026-08-10T08:07:38.6100552Z Checking formatting...
build · lint · test (ts + python)	Lint (eslint + prettier)	2026-08-10T08:07:41.1718571Z All matched files use Prettier code style!
build · lint · test (ts + python)	Verify (build · typecheck · test · v1:smoke)	﻿2026-08-10T08:07:41.2028818Z ##[group]Run bun run verify
build · lint · test (ts + python)	Verify (build · typecheck · test · v1:smoke)	2026-08-10T08:07:41.2029079Z ^[[36;1mbun run verify^[[0m
build · lint · test (ts + python)	Verify (build · typecheck · test · v1:smoke)	2026-08-10T08:07:41.2068664Z shell: /usr/bin/bash -e {0}
build · lint · test (ts + python)	Verify (build · typecheck · test · v1:smoke)	2026-08-10T08:07:41.2068880Z env:
build · lint · test (ts + python)	Verify (build · typecheck · test · v1:smoke)	2026-08-10T08:07:41.2069106Z   pythonLocation: /opt/hostedtoolcache/Python/3.12.13/x64
build · lint · test (ts + python)	Verify (build · typecheck · test · v1:smoke)	2026-08-10T08:07:41.2069469Z   PKG_CONFIG_PATH: /opt/hostedtoolcache/Python/3.12.13/x64/lib/pkgconfig
build · lint · test (ts + python)	Verify (build · typecheck · test · v1:smoke)	2026-08-10T08:07:41.2069816Z   Python_ROOT_DIR: /opt/hostedtoolcache/Python/3.12.13/x64
build · lint · test (ts + python)	Verify (build · typecheck · test · v1:smoke)	2026-08-10T08:07:41.2070125Z   Python2_ROOT_DIR: /opt/hostedtoolcache/Python/3.12.13/x64
build · lint · test (ts + python)	Verify (build · typecheck · test · v1:smoke)	2026-08-10T08:07:41.2070423Z   Python3_ROOT_DIR: /opt/hostedtoolcache/Python/3.12.13/x64
build · lint · test (ts + python)	Verify (build · typecheck · test · v1:smoke)	2026-08-10T08:07:41.2070724Z   LD_LIBRARY_PATH: /opt/hostedtoolcache/Python/3.12.13/x64/lib
build · lint · test (ts + python)	Verify (build · typecheck · test · v1:smoke)	2026-08-10T08:07:41.2070985Z ##[endgroup]
build · lint · test (ts + python)	Verify (build · typecheck · test · v1:smoke)	2026-08-10T08:07:41.2148978Z $ bun run service-catalog:check && bun run build && bun run typecheck && bun run test && bun run v1:smoke
build · lint · test (ts + python)	Verify (build · typecheck · test · v1:smoke)	2026-08-10T08:07:41.2178264Z $ node scripts/service-catalog.mjs --check
build · lint · test (ts + python)	Verify (build · typecheck · test · v1:smoke)	2026-08-10T08:07:41.2519428Z [service-catalog] 18 services valid; generated docs current
build · lint · test (ts + python)	Verify (build · typecheck · test · v1:smoke)	2026-08-10T08:07:41.2583374Z $ bun run --filter @polis/domain build && bun run --filter @polis/db build && bun run --filter @polis/service-runtime build && bun run --filter @polis/policy-rules build && bun run --filter './services/*' --sequential --if-present build && bun run --filter './apps/*' --sequential --if-present build
build · lint · test (ts + python)	Verify (build · typecheck · test · v1:smoke)	2026-08-10T08:07:42.0607663Z @polis/domain build: Exited with code 0
build · lint · test (ts + python)	Verify (build · typecheck · test · v1:smoke)	2026-08-10T08:07:44.3804113Z @polis/db build: Exited with code 0
build · lint · test (ts + python)	Verify (build · typecheck · test · v1:smoke)	2026-08-10T08:07:45.2500707Z @polis/service-runtime build: Exited with code 0
build · lint · test (ts + python)	Verify (build · typecheck · test · v1:smoke)	2026-08-10T08:07:45.2712163Z @polis/policy-rules build: Exited with code 0
build · lint · test (ts + python)	Verify (build · typecheck · test · v1:smoke)	2026-08-10T08:07:46.3414827Z @polis/audit-service:build              | Done in 1.07s
build · lint · test (ts + python)	Verify (build · typecheck · test · v1:smoke)	2026-08-10T08:07:47.0065711Z @polis/canonicalization-service:build   | Done in 665ms
build · lint · test (ts + python)	Verify (build · typecheck · test · v1:smoke)	2026-08-10T08:07:48.2120701Z @polis/citizen-identity-service:build   | Done in 1.21s
build · lint · test (ts + python)	Verify (build · typecheck · test · v1:smoke)	2026-08-10T08:07:49.3901700Z @polis/citizen-vault-service:build      | Done in 1.18s
build · lint · test (ts + python)	Verify (build · typecheck · test · v1:smoke)	2026-08-10T08:07:50.8480634Z @polis/complaints-service:build         | Done in 1.46s
build · lint · test (ts + python)	Verify (build · typecheck · test · v1:smoke)	2026-08-10T08:07:52.5082123Z @polis/contribution-service:build       | Done in 1.66s
build · lint · test (ts + python)	Verify (build · typecheck · test · v1:smoke)	2026-08-10T08:07:53.2097395Z @polis/document-ingestion-gateway:build | Done in 702ms
build · lint · test (ts + python)	Verify (build · typecheck · test · v1:smoke)	2026-08-10T08:07:54.7620578Z @polis/document-signing-service:build   | Done in 1.55s
build · lint · test (ts + python)	Verify (build · typecheck · test · v1:smoke)	2026-08-10T08:07:56.2695197Z @polis/governance-graph-api:build       | Done in 1.51s
build · lint · test (ts + python)	Verify (build · typecheck · test · v1:smoke)	2026-08-10T08:07:57.1379535Z @polis/paperless-adapter:build          | Done in 868ms
build · lint · test (ts + python)	Verify (build · typecheck · test · v1:smoke)	2026-08-10T08:07:58.5663829Z @polis/platform-api:build               | Done in 1.43s
build · lint · test (ts + python)	Verify (build · typecheck · test · v1:smoke)	2026-08-10T08:07:59.8602725Z @polis/polis-bridge-service:build       | Done in 1.29s
build · lint · test (ts + python)	Verify (build · typecheck · test · v1:smoke)	2026-08-10T08:08:01.1834849Z @polis/proof-service:build              | Done in 1.32s
build · lint · test (ts + python)	Verify (build · typecheck · test · v1:smoke)	2026-08-10T08:08:02.3330257Z @polis/rewards-service:build            | Done in 1.15s
build · lint · test (ts + python)	Verify (build · typecheck · test · v1:smoke)	2026-08-10T08:08:03.5201585Z @polis/signature-service:build          | Done in 1.19s
build · lint · test (ts + python)	Verify (build · typecheck · test · v1:smoke)	2026-08-10T08:08:04.7278725Z @polis/timestamp-service:build          | Done in 1.21s
build · lint · test (ts + python)	Verify (build · typecheck · test · v1:smoke)	2026-08-10T08:08:05.7959591Z @polis/vc-issuer-service:build          | Done in 1.07s
build · lint · test (ts + python)	Verify (build · typecheck · test · v1:smoke)	2026-08-10T08:08:06.6286852Z @polis/apps-admin:build    | ^[[2m08:08:06^[[22m ^[[34m[types]^[[39m Generated ^[[2m164ms^[[22m
build · lint · test (ts + python)	Verify (build · typecheck · test · v1:smoke)	2026-08-10T08:08:06.6287867Z @polis/apps-admin:build    | ^[[2m08:08:06^[[22m ^[[34m[build]^[[39m output: ^[[34m"static"^[[39m
build · lint · test (ts + python)	Verify (build · typecheck · test · v1:smoke)	2026-08-10T08:08:06.6288762Z @polis/apps-admin:build    | ^[[2m08:08:06^[[22m ^[[34m[build]^[[39m mode: ^[[34m"static"^[[39m
build · lint · test (ts + python)	Verify (build · typecheck · test · v1:smoke)	2026-08-10T08:08:06.6289893Z @polis/apps-admin:build    | ^[[2m08:08:06^[[22m ^[[34m[build]^[[39m directory: ^[[34m/home/runner/work/polis/polis/apps/admin/dist/^[[39m
build · lint · test (ts + python)	Verify (build · typecheck · test · v1:smoke)	2026-08-10T08:08:06.6290947Z @polis/apps-admin:build    | ^[[2m08:08:06^[[22m ^[[34m[build]^[[39m Collecting build info...
build · lint · test (ts + python)	Verify (build · typecheck · test · v1:smoke)	2026-08-10T08:08:06.6292489Z @polis/apps-admin:build    | ^[[2m08:08:06^[[22m ^[[34m[build]^[[39m ^[[32m✓ Completed in 185ms.^[[39m
build · lint · test (ts + python)	Verify (build · typecheck · test · v1:smoke)	2026-08-10T08:08:06.6300259Z @polis/apps-admin:build    | ^[[2m08:08:06^[[22m ^[[34m[build]^[[39m Building static entrypoints...
build · lint · test (ts + python)	Verify (build · typecheck · test · v1:smoke)	2026-08-10T08:08:06.8158240Z @polis/apps-admin:build    | ^[[2m08:08:06^[[22m ^[[34m[vite]^[[39m ^[[32m✓ built in 166ms^[[39m
build · lint · test (ts + python)	Verify (build · typecheck · test · v1:smoke)	2026-08-10T08:08:06.8302531Z @polis/apps-admin:build    | ^[[2m08:08:06^[[22m ^[[34m[vite]^[[39m ^[[32m✓ built in 12ms^[[39m
build · lint · test (ts + python)	Verify (build · typecheck · test · v1:smoke)	2026-08-10T08:08:06.8407355Z @polis/apps-admin:build    | ^[[2m08:08:06^[[22m ^[[34m[build]^[[39m Rearranging server assets...
build · lint · test (ts + python)	Verify (build · typecheck · test · v1:smoke)	2026-08-10T08:08:06.8541521Z @polis/apps-admin:build    | 
build · lint · test (ts + python)	Verify (build · typecheck · test · v1:smoke)	2026-08-10T08:08:06.8542196Z @polis/apps-admin:build    | ^[[42m^[[30m generating static routes ^[[39m^[[49m
build · lint · test (ts + python)	Verify (build · typecheck · test · v1:smoke)	2026-08-10T08:08:06.8627582Z @polis/apps-admin:build    | ^[[2m08:08:06^[[22m   ^[[34m├─^[[39m ^[[2m/assistant/index.html^[[22m ^[[2m(+8ms)^[[22m 
build · lint · test (ts + python)	Verify (build · typecheck · test · v1:smoke)	2026-08-10T08:08:06.8644576Z @polis/apps-admin:build    | ^[[2m08:08:06^[[22m   ^[[34m├─^[[39m ^[[2m/audit/index.html^[[22m ^[[2m(+2ms)^[[22m 
build · lint · test (ts + python)	Verify (build · typecheck · test · v1:smoke)	2026-08-10T08:08:06.8666636Z @polis/apps-admin:build    | ^[[2m08:08:06^[[22m   ^[[34m├─^[[39m ^[[2m/complaints/index.html^[[22m ^[[2m(+2ms)^[[22m 
build · lint · test (ts + python)	Verify (build · typecheck · test · v1:smoke)	2026-08-10T08:08:06.8684263Z @polis/apps-admin:build    | ^[[2m08:08:06^[[22m   ^[[34m├─^[[39m ^[[2m/contribute/index.html^[[22m ^[[2m(+2ms)^[[22m 
build · lint · test (ts + python)	Verify (build · typecheck · test · v1:smoke)	2026-08-10T08:08:06.8698553Z @polis/apps-admin:build    | ^[[2m08:08:06^[[22m   ^[[34m├─^[[39m ^[[2m/deliberate/index.html^[[22m ^[[2m(+1ms)^[[22m 
build · lint · test (ts + python)	Verify (build · typecheck · test · v1:smoke)	2026-08-10T08:08:06.8711926Z @polis/apps-admin:build    | ^[[2m08:08:06^[[22m   ^[[34m├─^[[39m ^[[2m/docs/index.html^[[22m ^[[2m(+1ms)^[[22m 
build · lint · test (ts + python)	Verify (build · typecheck · test · v1:smoke)	2026-08-10T08:08:06.8732135Z @polis/apps-admin:build    | ^[[2m08:08:06^[[22m   ^[[34m├─^[[39m ^[[2m/drafting/index.html^[[22m ^[[2m(+2ms)^[[22m 
build · lint · test (ts + python)	Verify (build · typecheck · test · v1:smoke)	2026-08-10T08:08:06.8747568Z @polis/apps-admin:build    | ^[[2m08:08:06^[[22m   ^[[34m├─^[[39m ^[[2m/governance/index.html^[[22m ^[[2m(+2ms)^[[22m 
build · lint · test (ts + python)	Verify (build · typecheck · test · v1:smoke)	2026-08-10T08:08:06.8765233Z @polis/apps-admin:build    | ^[[2m08:08:06^[[22m   ^[[34m├─^[[39m ^[[2m/login/index.html^[[22m ^[[2m(+2ms)^[[22m 
build · lint · test (ts + python)	Verify (build · typecheck · test · v1:smoke)	2026-08-10T08:08:06.8780887Z @polis/apps-admin:build    | ^[[2m08:08:06^[[22m   ^[[34m├─^[[39m ^[[2m/privacy/index.html^[[22m ^[[2m(+2ms)^[[22m 
build · lint · test (ts + python)	Verify (build · typecheck · test · v1:smoke)	2026-08-10T08:08:06.8795816Z @polis/apps-admin:build    | ^[[2m08:08:06^[[22m   ^[[34m├─^[[39m ^[[2m/review/index.html^[[22m ^[[2m(+1ms)^[[22m 
build · lint · test (ts + python)	Verify (build · typecheck · test · v1:smoke)	2026-08-10T08:08:06.8807884Z @polis/apps-admin:build    | ^[[2m08:08:06^[[22m   ^[[34m├─^[[39m ^[[2m/rewards/index.html^[[22m ^[[2m(+1ms)^[[22m 
build · lint · test (ts + python)	Verify (build · typecheck · test · v1:smoke)	2026-08-10T08:08:06.8819728Z @polis/apps-admin:build    | ^[[2m08:08:06^[[22m   ^[[34m├─^[[39m ^[[2m/security/index.html^[[22m ^[[2m(+1ms)^[[22m 
build · lint · test (ts + python)	Verify (build · typecheck · test · v1:smoke)	2026-08-10T08:08:06.8832409Z @polis/apps-admin:build    | ^[[2m08:08:06^[[22m   ^[[34m├─^[[39m ^[[2m/transparency/index.html^[[22m ^[[2m(+1ms)^[[22m 
build · lint · test (ts + python)	Verify (build · typecheck · test · v1:smoke)	2026-08-10T08:08:06.8843791Z @polis/apps-admin:build    | ^[[2m08:08:06^[[22m   ^[[34m├─^[[39m ^[[2m/verify/index.html^[[22m ^[[2m(+1ms)^[[22m 
build · lint · test (ts + python)	Verify (build · typecheck · test · v1:smoke)	2026-08-10T08:08:06.8854813Z @polis/apps-admin:build    | ^[[2m08:08:06^[[22m   ^[[34m├─^[[39m ^[[2m/index.html^[[22m ^[[2m(+1ms)^[[22m 
build · lint · test (ts + python)	Verify (build · typecheck · test · v1:smoke)	2026-08-10T08:08:06.8855803Z @polis/apps-admin:build    | ^[[2m08:08:06^[[22m ^[[32m✓ Completed in 44ms.
build · lint · test (ts + python)	Verify (build · typecheck · test · v1:smoke)	2026-08-10T08:08:06.8856578Z @polis/apps-admin:build    | ^[[39m
build · lint · test (ts + python)	Verify (build · typecheck · test · v1:smoke)	2026-08-10T08:08:06.8868150Z @polis/apps-admin:build    | ^[[2m08:08:06^[[22m ^[[34m[build]^[[39m ^[[32m✓ Completed in 257ms.^[[39m
build · lint · test (ts + python)	Verify (build · typecheck · test · v1:smoke)	2026-08-10T08:08:06.8871557Z @polis/apps-admin:build    | ^[[2m08:08:06^[[22m ^[[34m[build]^[[39m 16 page(s) built in ^[[1m443ms^[[22m
build · lint · test (ts + python)	Verify (build · typecheck · test · v1:smoke)	2026-08-10T08:08:06.8872701Z @polis/apps-admin:build    | ^[[2m08:08:06^[[22m ^[[34m[build]^[[39m ^[[1mComplete!^[[22m
build · lint · test (ts + python)	Verify (build · typecheck · test · v1:smoke)	2026-08-10T08:08:06.9041170Z @polis/apps-admin:build    | Done in 1.10s
build · lint · test (ts + python)	Verify (build · typecheck · test · v1:smoke)	2026-08-10T08:08:07.6343631Z @polis/apps-vault:build    | ^[[2m08:08:07^[[22m ^[[34m[types]^[[39m Generated ^[[2m102ms^[[22m
build · lint · test (ts + python)	Verify (build · typecheck · test · v1:smoke)	2026-08-10T08:08:07.6344807Z @polis/apps-vault:build    | ^[[2m08:08:07^[[22m ^[[34m[build]^[[39m output: ^[[34m"static"^[[39m
build · lint · test (ts + python)	Verify (build · typecheck · test · v1:smoke)	2026-08-10T08:08:07.6345770Z @polis/apps-vault:build    | ^[[2m08:08:07^[[22m ^[[34m[build]^[[39m mode: ^[[34m"static"^[[39m
build · lint · test (ts + python)	Verify (build · typecheck · test · v1:smoke)	2026-08-10T08:08:07.6346593Z @polis/apps-vault:build    | ^[[2m08:08:07^[[22m ^[[34m[build]^[[39m directory: ^[[34m/home/runner/work/polis/polis/apps/vault/dist/^[[39m
build · lint · test (ts + python)	Verify (build · typecheck · test · v1:smoke)	2026-08-10T08:08:07.6347673Z @polis/apps-vault:build    | ^[[2m08:08:07^[[22m ^[[34m[build]^[[39m Collecting build info...
build · lint · test (ts + python)	Verify (build · typecheck · test · v1:smoke)	2026-08-10T08:08:07.6349138Z @polis/apps-vault:build    | ^[[2m08:08:07^[[22m ^[[34m[build]^[[39m ^[[32m✓ Completed in 135ms.^[[39m
build · lint · test (ts + python)	Verify (build · typecheck · test · v1:smoke)	2026-08-10T08:08:07.6358223Z @polis/apps-vault:build    | ^[[2m08:08:07^[[22m ^[[34m[build]^[[39m Building static entrypoints...
build · lint · test (ts + python)	Verify (build · typecheck · test · v1:smoke)	2026-08-10T08:08:07.8118752Z @polis/apps-vault:build    | ^[[2m08:08:07^[[22m ^[[34m[vite]^[[39m ^[[32m✓ built in 157ms^[[39m
build · lint · test (ts + python)	Verify (build · typecheck · test · v1:smoke)	2026-08-10T08:08:07.8274638Z @polis/apps-vault:build    | ^[[2m08:08:07^[[22m ^[[34m[vite]^[[39m ^[[32m✓ built in 14ms^[[39m
build · lint · test (ts + python)	Verify (build · typecheck · test · v1:smoke)	2026-08-10T08:08:07.8329332Z @polis/apps-vault:build    | ^[[2m08:08:07^[[22m ^[[34m[build]^[[39m Rearranging server assets...
build · lint · test (ts + python)	Verify (build · typecheck · test · v1:smoke)	2026-08-10T08:08:07.8436123Z @polis/apps-vault:build    | 
build · lint · test (ts + python)	Verify (build · typecheck · test · v1:smoke)	2026-08-10T08:08:07.8437091Z @polis/apps-vault:build    | ^[[42m^[[30m generating static routes ^[[39m^[[49m
build · lint · test (ts + python)	Verify (build · typecheck · test · v1:smoke)	2026-08-10T08:08:07.8522576Z @polis/apps-vault:build    | ^[[2m08:08:07^[[22m   ^[[34m├─^[[39m ^[[2m/audit/index.html^[[22m ^[[2m(+8ms)^[[22m 
build · lint · test (ts + python)	Verify (build · typecheck · test · v1:smoke)	2026-08-10T08:08:07.8539579Z @polis/apps-vault:build    | ^[[2m08:08:07^[[22m   ^[[34m├─^[[39m ^[[2m/contribute/index.html^[[22m ^[[2m(+2ms)^[[22m 
build · lint · test (ts + python)	Verify (build · typecheck · test · v1:smoke)	2026-08-10T08:08:07.8554333Z @polis/apps-vault:build    | ^[[2m08:08:07^[[22m   ^[[34m├─^[[39m ^[[2m/deliberate/index.html^[[22m ^[[2m(+1ms)^[[22m 
build · lint · test (ts + python)	Verify (build · typecheck · test · v1:smoke)	2026-08-10T08:08:07.8568643Z @polis/apps-vault:build    | ^[[2m08:08:07^[[22m   ^[[34m├─^[[39m ^[[2m/docs/index.html^[[22m ^[[2m(+1ms)^[[22m 
build · lint · test (ts + python)	Verify (build · typecheck · test · v1:smoke)	2026-08-10T08:08:07.8584011Z @polis/apps-vault:build    | ^[[2m08:08:07^[[22m   ^[[34m├─^[[39m ^[[2m/documents/index.html^[[22m ^[[2m(+2ms)^[[22m 
build · lint · test (ts + python)	Verify (build · typecheck · test · v1:smoke)	2026-08-10T08:08:07.8597084Z @polis/apps-vault:build    | ^[[2m08:08:07^[[22m   ^[[34m├─^[[39m ^[[2m/governance/index.html^[[22m ^[[2m(+1ms)^[[22m 
build · lint · test (ts + python)	Verify (build · typecheck · test · v1:smoke)	2026-08-10T08:08:07.8612226Z @polis/apps-vault:build    | ^[[2m08:08:07^[[22m   ^[[34m├─^[[39m ^[[2m/grants/index.html^[[22m ^[[2m(+1ms)^[[22m 
build · lint · test (ts + python)	Verify (build · typecheck · test · v1:smoke)	2026-08-10T08:08:07.8626089Z @polis/apps-vault:build    | ^[[2m08:08:07^[[22m   ^[[34m├─^[[39m ^[[2m/privacy/index.html^[[22m ^[[2m(+1ms)^[[22m 
build · lint · test (ts + python)	Verify (build · typecheck · test · v1:smoke)	2026-08-10T08:08:07.8642189Z @polis/apps-vault:build    | ^[[2m08:08:07^[[22m   ^[[34m├─^[[39m ^[[2m/rewards/index.html^[[22m ^[[2m(+2ms)^[[22m 
build · lint · test (ts + python)	Verify (build · typecheck · test · v1:smoke)	2026-08-10T08:08:07.8656470Z @polis/apps-vault:build    | ^[[2m08:08:07^[[22m   ^[[34m├─^[[39m ^[[2m/security/index.html^[[22m ^[[2m(+1ms)^[[22m 
build · lint · test (ts + python)	Verify (build · typecheck · test · v1:smoke)	2026-08-10T08:08:07.8667563Z @polis/apps-vault:build    | ^[[2m08:08:07^[[22m   ^[[34m├─^[[39m ^[[2m/transparency/index.html^[[22m ^[[2m(+1ms)^[[22m 
build · lint · test (ts + python)	Verify (build · typecheck · test · v1:smoke)	2026-08-10T08:08:07.8678270Z @polis/apps-vault:build    | ^[[2m08:08:07^[[22m   ^[[34m├─^[[39m ^[[2m/verify/index.html^[[22m ^[[2m(+1ms)^[[22m 
build · lint · test (ts + python)	Verify (build · typecheck · test · v1:smoke)	2026-08-10T08:08:07.8689219Z @polis/apps-vault:build    | ^[[2m08:08:07^[[22m   ^[[34m├─^[[39m ^[[2m/index.html^[[22m ^[[2m(+1ms)^[[22m 
build · lint · test (ts + python)	Verify (build · typecheck · test · v1:smoke)	2026-08-10T08:08:07.8690059Z @polis/apps-vault:build    | ^[[2m08:08:07^[[22m ^[[32m✓ Completed in 35ms.
build · lint · test (ts + python)	Verify (build · typecheck · test · v1:smoke)	2026-08-10T08:08:07.8690645Z @polis/apps-vault:build    | ^[[39m
build · lint · test (ts + python)	Verify (build · typecheck · test · v1:smoke)	2026-08-10T08:08:07.8701798Z @polis/apps-vault:build    | ^[[2m08:08:07^[[22m ^[[34m[build]^[[39m ^[[32m✓ Completed in 234ms.^[[39m
build · lint · test (ts + python)	Verify (build · typecheck · test · v1:smoke)	2026-08-10T08:08:07.8704559Z @polis/apps-vault:build    | ^[[2m08:08:07^[[22m ^[[34m[build]^[[39m 13 page(s) built in ^[[1m370ms^[[22m
build · lint · test (ts + python)	Verify (build · typecheck · test · v1:smoke)	2026-08-10T08:08:07.8705166Z @polis/apps-vault:build    | ^[[2m08:08:07^[[22m ^[[34m[build]^[[39m ^[[1mComplete!^[[22m
build · lint · test (ts + python)	Verify (build · typecheck · test · v1:smoke)	2026-08-10T08:08:07.8863497Z @polis/apps-vault:build    | Done in 982ms
build · lint · test (ts + python)	Verify (build · typecheck · test · v1:smoke)	2026-08-10T08:08:08.4742537Z @polis/apps-verifier:build | ^[[2m08:08:08^[[22m ^[[34m[@astrojs/node]^[[39m Enabling sessions with filesystem storage
build · lint · test (ts + python)	Verify (build · typecheck · test · v1:smoke)	2026-08-10T08:08:08.6454060Z @polis/apps-verifier:build | ^[[2m08:08:08^[[22m ^[[34m[types]^[[39m Generated ^[[2m136ms^[[22m
build · lint · test (ts + python)	Verify (build · typecheck · test · v1:smoke)	2026-08-10T08:08:08.6455375Z @polis/apps-verifier:build | ^[[2m08:08:08^[[22m ^[[34m[build]^[[39m output: ^[[34m"server"^[[39m
build · lint · test (ts + python)	Verify (build · typecheck · test · v1:smoke)	2026-08-10T08:08:08.6456329Z @polis/apps-verifier:build | ^[[2m08:08:08^[[22m ^[[34m[build]^[[39m mode: ^[[34m"server"^[[39m
build · lint · test (ts + python)	Verify (build · typecheck · test · v1:smoke)	2026-08-10T08:08:08.6457119Z @polis/apps-verifier:build | ^[[2m08:08:08^[[22m ^[[34m[build]^[[39m directory: ^[[34m/home/runner/work/polis/polis/apps/verifier/dist/^[[39m
build · lint · test (ts + python)	Verify (build · typecheck · test · v1:smoke)	2026-08-10T08:08:08.6457916Z @polis/apps-verifier:build | ^[[2m08:08:08^[[22m ^[[34m[build]^[[39m adapter: ^[[32m@astrojs/node^[[39m
build · lint · test (ts + python)	Verify (build · typecheck · test · v1:smoke)	2026-08-10T08:08:08.6458682Z @polis/apps-verifier:build | ^[[2m08:08:08^[[22m ^[[34m[build]^[[39m Collecting build info...
build · lint · test (ts + python)	Verify (build · typecheck · test · v1:smoke)	2026-08-10T08:08:08.6459780Z @polis/apps-verifier:build | ^[[2m08:08:08^[[22m ^[[34m[build]^[[39m ^[[32m✓ Completed in 174ms.^[[39m
build · lint · test (ts + python)	Verify (build · typecheck · test · v1:smoke)	2026-08-10T08:08:08.6470143Z @polis/apps-verifier:build | ^[[2m08:08:08^[[22m ^[[34m[build]^[[39m Building server entrypoints...
build · lint · test (ts + python)	Verify (build · typecheck · test · v1:smoke)	2026-08-10T08:08:08.7777228Z @polis/apps-verifier:build | ^[[2m08:08:08^[[22m ^[[34m[vite]^[[39m ^[[32m✓ built in 112ms^[[39m
build · lint · test (ts + python)	Verify (build · typecheck · test · v1:smoke)	2026-08-10T08:08:09.0132675Z @polis/apps-verifier:build | ^[[2m08:08:09^[[22m ^[[34m[vite]^[[39m ^[[32m✓ built in 233ms^[[39m
build · lint · test (ts + python)	Verify (build · typecheck · test · v1:smoke)	2026-08-10T08:08:09.0940856Z @polis/apps-verifier:build | ^[[2m08:08:09^[[22m ^[[34m[vite]^[[39m ^[[32m✓ built in 77ms^[[39m
build · lint · test (ts + python)	Verify (build · typecheck · test · v1:smoke)	2026-08-10T08:08:09.1031444Z @polis/apps-verifier:build | ^[[2m08:08:09^[[22m ^[[34m[build]^[[39m Rearranging server assets...
build · lint · test (ts + python)	Verify (build · typecheck · test · v1:smoke)	2026-08-10T08:08:09.1045545Z @polis/apps-verifier:build | ^[[2m08:08:09^[[22m ^[[34m[build]^[[39m ^[[32m✓ Completed in 458ms.^[[39m
build · lint · test (ts + python)	Verify (build · typecheck · test · v1:smoke)	2026-08-10T08:08:09.1050529Z @polis/apps-verifier:build | ^[[2m08:08:09^[[22m ^[[34m[build]^[[39m Server built in ^[[1m633ms^[[22m
build · lint · test (ts + python)	Verify (build · typecheck · test · v1:smoke)	2026-08-10T08:08:09.1051184Z @polis/apps-verifier:build | ^[[2m08:08:09^[[22m ^[[34m[build]^[[39m ^[[1mComplete!^[[22m
build · lint · test (ts + python)	Verify (build · typecheck · test · v1:smoke)	2026-08-10T08:08:09.1288727Z @polis/apps-verifier:build | Done in 1.24s
build · lint · test (ts + python)	Verify (build · typecheck · test · v1:smoke)	2026-08-10T08:08:09.7832432Z @polis/apps-web:build      | ^[[2m08:08:09^[[22m ^[[34m[@astrojs/node]^[[39m Enabling sessions with filesystem storage
build · lint · test (ts + python)	Verify (build · typecheck · test · v1:smoke)	2026-08-10T08:08:09.9524552Z @polis/apps-web:build      | ^[[2m08:08:09^[[22m ^[[34m[types]^[[39m Generated ^[[2m123ms^[[22m
build · lint · test (ts + python)	Verify (build · typecheck · test · v1:smoke)	2026-08-10T08:08:09.9525781Z @polis/apps-web:build      | ^[[2m08:08:09^[[22m ^[[34m[build]^[[39m output: ^[[34m"server"^[[39m
build · lint · test (ts + python)	Verify (build · typecheck · test · v1:smoke)	2026-08-10T08:08:09.9526507Z @polis/apps-web:build      | ^[[2m08:08:09^[[22m ^[[34m[build]^[[39m mode: ^[[34m"server"^[[39m
build · lint · test (ts + python)	Verify (build · typecheck · test · v1:smoke)	2026-08-10T08:08:09.9527191Z @polis/apps-web:build      | ^[[2m08:08:09^[[22m ^[[34m[build]^[[39m directory: ^[[34m/home/runner/work/polis/polis/apps/web/dist/^[[39m
build · lint · test (ts + python)	Verify (build · typecheck · test · v1:smoke)	2026-08-10T08:08:09.9527844Z @polis/apps-web:build      | ^[[2m08:08:09^[[22m ^[[34m[build]^[[39m adapter: ^[[32m@astrojs/node^[[39m
build · lint · test (ts + python)	Verify (build · typecheck · test · v1:smoke)	2026-08-10T08:08:09.9528394Z @polis/apps-web:build      | ^[[2m08:08:09^[[22m ^[[34m[build]^[[39m Collecting build info...
build · lint · test (ts + python)	Verify (build · typecheck · test · v1:smoke)	2026-08-10T08:08:09.9531654Z @polis/apps-web:build      | ^[[2m08:08:09^[[22m ^[[34m[build]^[[39m ^[[32m✓ Completed in 181ms.^[[39m
build · lint · test (ts + python)	Verify (build · typecheck · test · v1:smoke)	2026-08-10T08:08:09.9540775Z @polis/apps-web:build      | ^[[2m08:08:09^[[22m ^[[34m[build]^[[39m Building server entrypoints...
build · lint · test (ts + python)	Verify (build · typecheck · test · v1:smoke)	2026-08-10T08:08:10.0832383Z @polis/apps-web:build      | ^[[2m08:08:10^[[22m ^[[34m[vite]^[[39m ^[[32m✓ built in 111ms^[[39m
build · lint · test (ts + python)	Verify (build · typecheck · test · v1:smoke)	2026-08-10T08:08:10.4237238Z @polis/apps-web:build      | ^[[2m08:08:10^[[22m ^[[34m[vite]^[[39m ^[[32m✓ built in 339ms^[[39m
build · lint · test (ts + python)	Verify (build · typecheck · test · v1:smoke)	2026-08-10T08:08:10.5207666Z @polis/apps-web:build      | ^[[2m08:08:10^[[22m ^[[34m[vite]^[[39m ^[[32m✓ built in 78ms^[[39m
build · lint · test (ts + python)	Verify (build · typecheck · test · v1:smoke)	2026-08-10T08:08:10.5296655Z @polis/apps-web:build      | ^[[2m08:08:10^[[22m ^[[34m[build]^[[39m Rearranging server assets...
build · lint · test (ts + python)	Verify (build · typecheck · test · v1:smoke)	2026-08-10T08:08:10.5311525Z @polis/apps-web:build      | ^[[2m08:08:10^[[22m ^[[34m[build]^[[39m ^[[32m✓ Completed in 577ms.^[[39m
build · lint · test (ts + python)	Verify (build · typecheck · test · v1:smoke)	2026-08-10T08:08:10.5316396Z @polis/apps-web:build      | ^[[2m08:08:10^[[22m ^[[34m[build]^[[39m Server built in ^[[1m760ms^[[22m
build · lint · test (ts + python)	Verify (build · typecheck · test · v1:smoke)	2026-08-10T08:08:10.5316951Z @polis/apps-web:build      | ^[[2m08:08:10^[[22m ^[[34m[build]^[[39m ^[[1mComplete!^[[22m
build · lint · test (ts + python)	Verify (build · typecheck · test · v1:smoke)	2026-08-10T08:08:10.5613273Z @polis/apps-web:build      | Done in 1.43s
build · lint · test (ts + python)	Verify (build · typecheck · test · v1:smoke)	2026-08-10T08:08:10.5647994Z $ bun run --workspaces --sequential --if-present typecheck
build · lint · test (ts + python)	Verify (build · typecheck · test · v1:smoke)	2026-08-10T08:08:11.5132283Z @polis/apps-admin:typecheck                 | ^[[2m08:08:11^[[22m ^[[34m[types]^[[39m Generated ^[[2m39ms^[[22m
build · lint · test (ts + python)	Verify (build · typecheck · test · v1:smoke)	2026-08-10T08:08:11.5180972Z @polis/apps-admin:typecheck                 | ^[[2m08:08:11^[[22m ^[[34m[check]^[[39m Getting diagnostics for Astro files in /home/runner/work/polis/polis/apps/admin...
build · lint · test (ts + python)	Verify (build · typecheck · test · v1:smoke)	2026-08-10T08:08:13.9328578Z @polis/apps-admin:typecheck                 | Result (18 files): 
build · lint · test (ts + python)	Verify (build · typecheck · test · v1:smoke)	2026-08-10T08:08:13.9329292Z @polis/apps-admin:typecheck                 | - 0 errors
build · lint · test (ts + python)	Verify (build · typecheck · test · v1:smoke)	2026-08-10T08:08:13.9329875Z @polis/apps-admin:typecheck                 | - 0 warnings
build · lint · test (ts + python)	Verify (build · typecheck · test · v1:smoke)	2026-08-10T08:08:13.9330341Z @polis/apps-admin:typecheck                 | - 0 hints
build · lint · test (ts + python)	Verify (build · typecheck · test · v1:smoke)	2026-08-10T08:08:13.9330882Z @polis/apps-admin:typecheck                 | 
build · lint · test (ts + python)	Verify (build · typecheck · test · v1:smoke)	2026-08-10T08:08:13.9673791Z @polis/apps-admin:typecheck                 | Done in 3.40s
build · lint · test (ts + python)	Verify (build · typecheck · test · v1:smoke)	2026-08-10T08:08:14.9162381Z @polis/apps-vault:typecheck                 | ^[[2m08:08:14^[[22m ^[[34m[types]^[[39m Generated ^[[2m39ms^[[22m
build · lint · test (ts + python)	Verify (build · typecheck · test · v1:smoke)	2026-08-10T08:08:14.9211176Z @polis/apps-vault:typecheck                 | ^[[2m08:08:14^[[22m ^[[34m[check]^[[39m Getting diagnostics for Astro files in /home/runner/work/polis/polis/apps/vault...
build · lint · test (ts + python)	Verify (build · typecheck · test · v1:smoke)	2026-08-10T08:08:17.1549866Z @polis/apps-vault:typecheck                 | Result (15 files): 
build · lint · test (ts + python)	Verify (build · typecheck · test · v1:smoke)	2026-08-10T08:08:17.1550467Z @polis/apps-vault:typecheck                 | - 0 errors
build · lint · test (ts + python)	Verify (build · typecheck · test · v1:smoke)	2026-08-10T08:08:17.1554235Z @polis/apps-vault:typecheck                 | - 0 warnings
build · lint · test (ts + python)	Verify (build · typecheck · test · v1:smoke)	2026-08-10T08:08:17.1554845Z @polis/apps-vault:typecheck                 | - 0 hints
build · lint · test (ts + python)	Verify (build · typecheck · test · v1:smoke)	2026-08-10T08:08:17.1555335Z @polis/apps-vault:typecheck                 | 
build · lint · test (ts + python)	Verify (build · typecheck · test · v1:smoke)	2026-08-10T08:08:17.1933795Z @polis/apps-vault:typecheck                 | Done in 3.23s
build · lint · test (ts + python)	Verify (build · typecheck · test · v1:smoke)	2026-08-10T08:08:18.1120429Z @polis/apps-verifier:typecheck              | ^[[2m08:08:18^[[22m ^[[34m[@astrojs/node]^[[39m Enabling sessions with filesystem storage
build · lint · test (ts + python)	Verify (build · typecheck · test · v1:smoke)	2026-08-10T08:08:18.1551103Z @polis/apps-verifier:typecheck              | ^[[2m08:08:18^[[22m ^[[34m[types]^[[39m Generated ^[[2m41ms^[[22m
build · lint · test (ts + python)	Verify (build · typecheck · test · v1:smoke)	2026-08-10T08:08:18.1598600Z @polis/apps-verifier:typecheck              | ^[[2m08:08:18^[[22m ^[[34m[check]^[[39m Getting diagnostics for Astro files in /home/runner/work/polis/polis/apps/verifier...
build · lint · test (ts + python)	Verify (build · typecheck · test · v1:smoke)	2026-08-10T08:08:20.4704953Z @polis/apps-verifier:typecheck              | Result (14 files): 
build · lint · test (ts + python)	Verify (build · typecheck · test · v1:smoke)	2026-08-10T08:08:20.4705493Z @polis/apps-verifier:typecheck              | - 0 errors
build · lint · test (ts + python)	Verify (build · typecheck · test · v1:smoke)	2026-08-10T08:08:20.4706078Z @polis/apps-verifier:typecheck              | - 0 warnings
build · lint · test (ts + python)	Verify (build · typecheck · test · v1:smoke)	2026-08-10T08:08:20.4706606Z @polis/apps-verifier:typecheck              | - 0 hints
build · lint · test (ts + python)	Verify (build · typecheck · test · v1:smoke)	2026-08-10T08:08:20.4707126Z @polis/apps-verifier:typecheck              | 
build · lint · test (ts + python)	Verify (build · typecheck · test · v1:smoke)	2026-08-10T08:08:20.5078680Z @polis/apps-verifier:typecheck              | Done in 3.31s
build · lint · test (ts + python)	Verify (build · typecheck · test · v1:smoke)	2026-08-10T08:08:21.4622973Z @polis/apps-web:typecheck                   | ^[[2m08:08:21^[[22m ^[[34m[@astrojs/node]^[[39m Enabling sessions with filesystem storage
build · lint · test (ts + python)	Verify (build · typecheck · test · v1:smoke)	2026-08-10T08:08:21.5083406Z @polis/apps-web:typecheck                   | ^[[2m08:08:21^[[22m ^[[34m[types]^[[39m Generated ^[[2m44ms^[[22m
build · lint · test (ts + python)	Verify (build · typecheck · test · v1:smoke)	2026-08-10T08:08:21.5130293Z @polis/apps-web:typecheck                   | ^[[2m08:08:21^[[22m ^[[34m[check]^[[39m Getting diagnostics for Astro files in /home/runner/work/polis/polis/apps/web...
build · lint · test (ts + python)	Verify (build · typecheck · test · v1:smoke)	2026-08-10T08:08:25.1998246Z @polis/apps-web:typecheck                   | Result (41 files): 
build · lint · test (ts + python)	Verify (build · typecheck · test · v1:smoke)	2026-08-10T08:08:25.1998768Z @polis/apps-web:typecheck                   | - 0 errors
build · lint · test (ts + python)	Verify (build · typecheck · test · v1:smoke)	2026-08-10T08:08:25.1999141Z @polis/apps-web:typecheck                   | - 0 warnings
build · lint · test (ts + python)	Verify (build · typecheck · test · v1:smoke)	2026-08-10T08:08:25.1999617Z @polis/apps-web:typecheck                   | - 0 hints
build · lint · test (ts + python)	Verify (build · typecheck · test · v1:smoke)	2026-08-10T08:08:25.2000061Z @polis/apps-web:typecheck                   | 
build · lint · test (ts + python)	Verify (build · typecheck · test · v1:smoke)	2026-08-10T08:08:25.2447265Z @polis/apps-web:typecheck                   | Done in 4.74s
build · lint · test (ts + python)	Verify (build · typecheck · test · v1:smoke)	2026-08-10T08:08:25.4311967Z @polis/audit-service:typecheck              | Done in 186ms
build · lint · test (ts + python)	Verify (build · typecheck · test · v1:smoke)	2026-08-10T08:08:25.5409374Z @polis/canonicalization-service:typecheck   | Done in 110ms
build · lint · test (ts + python)	Verify (build · typecheck · test · v1:smoke)	2026-08-10T08:08:25.7482032Z @polis/citizen-identity-service:typecheck   | Done in 207ms
build · lint · test (ts + python)	Verify (build · typecheck · test · v1:smoke)	2026-08-10T08:08:25.9443035Z @polis/citizen-vault-service:typecheck      | Done in 196ms
build · lint · test (ts + python)	Verify (build · typecheck · test · v1:smoke)	2026-08-10T08:08:26.1949723Z @polis/complaints-service:typecheck         | Done in 251ms
build · lint · test (ts + python)	Verify (build · typecheck · test · v1:smoke)	2026-08-10T08:08:26.4589251Z @polis/contribution-service:typecheck       | Done in 264ms
build · lint · test (ts + python)	Verify (build · typecheck · test · v1:smoke)	2026-08-10T08:08:27.6474740Z @polis/db:typecheck                         | Done in 1.19s
build · lint · test (ts + python)	Verify (build · typecheck · test · v1:smoke)	2026-08-10T08:08:27.7641158Z @polis/document-ingestion-gateway:typecheck | Done in 117ms
build · lint · test (ts + python)	Verify (build · typecheck · test · v1:smoke)	2026-08-10T08:08:28.0204195Z @polis/document-signing-service:typecheck   | Done in 256ms
build · lint · test (ts + python)	Verify (build · typecheck · test · v1:smoke)	2026-08-10T08:08:28.1397402Z @polis/domain:typecheck                     | Done in 119ms
build · lint · test (ts + python)	Verify (build · typecheck · test · v1:smoke)	2026-08-10T08:08:28.4127536Z @polis/governance-graph-api:typecheck       | Done in 273ms
build · lint · test (ts + python)	Verify (build · typecheck · test · v1:smoke)	2026-08-10T08:08:28.5311800Z @polis/paperless-adapter:typecheck          | Done in 118ms
build · lint · test (ts + python)	Verify (build · typecheck · test · v1:smoke)	2026-08-10T08:08:28.7243899Z @polis/platform-api:typecheck               | Done in 193ms
build · lint · test (ts + python)	Verify (build · typecheck · test · v1:smoke)	2026-08-10T08:08:28.7396852Z @polis/policy-rules:typecheck               | Done in 15ms
build · lint · test (ts + python)	Verify (build · typecheck · test · v1:smoke)	2026-08-10T08:08:28.9410411Z @polis/polis-bridge-service:typecheck       | Done in 201ms
build · lint · test (ts + python)	Verify (build · typecheck · test · v1:smoke)	2026-08-10T08:08:29.1547160Z @polis/proof-service:typecheck              | Done in 214ms
build · lint · test (ts + python)	Verify (build · typecheck · test · v1:smoke)	2026-08-10T08:08:29.3337008Z @polis/rewards-service:typecheck            | Done in 179ms
build · lint · test (ts + python)	Verify (build · typecheck · test · v1:smoke)	2026-08-10T08:08:29.4615775Z @polis/service-runtime:typecheck            | Done in 128ms
build · lint · test (ts + python)	Verify (build · typecheck · test · v1:smoke)	2026-08-10T08:08:29.6757189Z @polis/signature-service:typecheck          | Done in 214ms
build · lint · test (ts + python)	Verify (build · typecheck · test · v1:smoke)	2026-08-10T08:08:29.8823466Z @polis/timestamp-service:typecheck          | Done in 207ms
build · lint · test (ts + python)	Verify (build · typecheck · test · v1:smoke)	2026-08-10T08:08:30.0292259Z @polis/ui:typecheck                         | Done in 147ms
build · lint · test (ts + python)	Verify (build · typecheck · test · v1:smoke)	2026-08-10T08:08:30.2197781Z @polis/vc-issuer-service:typecheck          | Done in 191ms
build · lint · test (ts + python)	Verify (build · typecheck · test · v1:smoke)	2026-08-10T08:08:30.2230129Z $ bun run --workspaces --sequential --if-present test
build · lint · test (ts + python)	Verify (build · typecheck · test · v1:smoke)	2026-08-10T08:08:30.3192399Z @polis/apps-admin:test                 | ✔ complaints workbench renders hostile queue/detail values as text and binds assignment (20.665362ms)
build · lint · test (ts + python)	Verify (build · typecheck · test · v1:smoke)	2026-08-10T08:08:30.3224148Z @polis/apps-admin:test                 | ✔ complaints workbench explains the full staff status workflow (3.367936ms)
build · lint · test (ts + python)	Verify (build · typecheck · test · v1:smoke)	2026-08-10T08:08:30.3332117Z @polis/apps-admin:test                 | ✔ admin has required v1 routes (6.278221ms)
build · lint · test (ts + python)	Verify (build · typecheck · test · v1:smoke)	2026-08-10T08:08:30.3333113Z @polis/apps-admin:test                 | ✔ admin has drafting + login pages (2.417068ms)
build · lint · test (ts + python)	Verify (build · typecheck · test · v1:smoke)	2026-08-10T08:08:30.3334078Z @polis/apps-admin:test                 | ✔ admin drafting exposes M-RA official surfaces (3.04636ms)
build · lint · test (ts + python)	Verify (build · typecheck · test · v1:smoke)	2026-08-10T08:08:30.3334993Z @polis/apps-admin:test                 | ✔ admin nav exposes official drafting once (1.023559ms)
build · lint · test (ts + python)	Verify (build · typecheck · test · v1:smoke)	2026-08-10T08:08:30.3336098Z @polis/apps-admin:test                 | ✔ assistant traces are fetched by authenticated browser client only (1.032072ms)
build · lint · test (ts + python)	Verify (build · typecheck · test · v1:smoke)	2026-08-10T08:08:30.3337229Z @polis/apps-admin:test                 | ✔ assistant traces explain staff-only authorization failures (1.064872ms)
build · lint · test (ts + python)	Verify (build · typecheck · test · v1:smoke)	2026-08-10T08:08:30.3338390Z @polis/apps-admin:test                 | ✔ assistant traces render loading, empty, and API values text-safely (0.719038ms)
build · lint · test (ts + python)	Verify (build · typecheck · test · v1:smoke)	2026-08-10T08:08:30.3339619Z @polis/apps-admin:test                 | ✔ admin nav exposes the complaints workbench once beside review (1.345336ms)
build · lint · test (ts + python)	Verify (build · typecheck · test · v1:smoke)	2026-08-10T08:08:30.3340662Z @polis/apps-admin:test                 | ✔ admin has a complaints workbench page (0.743876ms)
build · lint · test (ts + python)	Verify (build · typecheck · test · v1:smoke)	2026-08-10T08:08:30.3344067Z @polis/apps-admin:test                 | ✔ review queue renders malicious API values as text and binds decisions (7.518147ms)
build · lint · test (ts + python)	Verify (build · typecheck · test · v1:smoke)	2026-08-10T08:08:30.3344833Z @polis/apps-admin:test                 | ℹ tests 12
build · lint · test (ts + python)	Verify (build · typecheck · test · v1:smoke)	2026-08-10T08:08:30.3345296Z @polis/apps-admin:test                 | ℹ suites 0
build · lint · test (ts + python)	Verify (build · typecheck · test · v1:smoke)	2026-08-10T08:08:30.3345752Z @polis/apps-admin:test                 | ℹ pass 12
build · lint · test (ts + python)	Verify (build · typecheck · test · v1:smoke)	2026-08-10T08:08:30.3346219Z @polis/apps-admin:test                 | ℹ fail 0
build · lint · test (ts + python)	Verify (build · typecheck · test · v1:smoke)	2026-08-10T08:08:30.3346687Z @polis/apps-admin:test                 | ℹ cancelled 0
build · lint · test (ts + python)	Verify (build · typecheck · test · v1:smoke)	2026-08-10T08:08:30.3347165Z @polis/apps-admin:test                 | ℹ skipped 0
build · lint · test (ts + python)	Verify (build · typecheck · test · v1:smoke)	2026-08-10T08:08:30.3347608Z @polis/apps-admin:test                 | ℹ todo 0
build · lint · test (ts + python)	Verify (build · typecheck · test · v1:smoke)	2026-08-10T08:08:30.3348671Z @polis/apps-admin:test                 | ℹ duration_ms 76.910308
build · lint · test (ts + python)	Verify (build · typecheck · test · v1:smoke)	2026-08-10T08:08:30.3394815Z @polis/apps-admin:test                 | Done in 112ms
build · lint · test (ts + python)	Verify (build · typecheck · test · v1:smoke)	2026-08-10T08:08:30.4068739Z @polis/apps-vault:test                 | ✔ vault has required v1 routes (3.398463ms)
build · lint · test (ts + python)	Verify (build · typecheck · test · v1:smoke)	2026-08-10T08:08:30.4082213Z @polis/apps-vault:test                 | ✔ vault documents renders malicious API values and errors as text (2.166809ms)
build · lint · test (ts + python)	Verify (build · typecheck · test · v1:smoke)	2026-08-10T08:08:30.4155556Z @polis/apps-vault:test                 | ℹ tests 2
build · lint · test (ts + python)	Verify (build · typecheck · test · v1:smoke)	2026-08-10T08:08:30.4156299Z @polis/apps-vault:test                 | ℹ suites 0
build · lint · test (ts + python)	Verify (build · typecheck · test · v1:smoke)	2026-08-10T08:08:30.4157010Z @polis/apps-vault:test                 | ℹ pass 2
build · lint · test (ts + python)	Verify (build · typecheck · test · v1:smoke)	2026-08-10T08:08:30.4157648Z @polis/apps-vault:test                 | ℹ fail 0
build · lint · test (ts + python)	Verify (build · typecheck · test · v1:smoke)	2026-08-10T08:08:30.4158407Z @polis/apps-vault:test                 | ℹ cancelled 0
build · lint · test (ts + python)	Verify (build · typecheck · test · v1:smoke)	2026-08-10T08:08:30.4158985Z @polis/apps-vault:test                 | ℹ skipped 0
build · lint · test (ts + python)	Verify (build · typecheck · test · v1:smoke)	2026-08-10T08:08:30.4159519Z @polis/apps-vault:test                 | ℹ todo 0
build · lint · test (ts + python)	Verify (build · typecheck · test · v1:smoke)	2026-08-10T08:08:30.4160165Z @polis/apps-vault:test                 | ℹ duration_ms 50.111914
build · lint · test (ts + python)	Verify (build · typecheck · test · v1:smoke)	2026-08-10T08:08:30.4202866Z @polis/apps-vault:test                 | Done in 81ms
build · lint · test (ts + python)	Verify (build · typecheck · test · v1:smoke)	2026-08-10T08:08:30.4868722Z @polis/apps-verifier:test              | ✔ verifier has required v1 routes (3.331912ms)
build · lint · test (ts + python)	Verify (build · typecheck · test · v1:smoke)	2026-08-10T08:08:30.4875704Z @polis/apps-verifier:test              | ✔ verifier verify page never uploads file bytes (spec §15.5) (1.020324ms)
build · lint · test (ts + python)	Verify (build · typecheck · test · v1:smoke)	2026-08-10T08:08:30.4884684Z @polis/apps-verifier:test              | ✔ verifier proof page renders from the shared verdict engine (1.033143ms)
build · lint · test (ts + python)	Verify (build · typecheck · test · v1:smoke)	2026-08-10T08:08:30.4957922Z @polis/apps-verifier:test              | ℹ tests 3
build · lint · test (ts + python)	Verify (build · typecheck · test · v1:smoke)	2026-08-10T08:08:30.4958527Z @polis/apps-verifier:test              | ℹ suites 0
build · lint · test (ts + python)	Verify (build · typecheck · test · v1:smoke)	2026-08-10T08:08:30.4959023Z @polis/apps-verifier:test              | ℹ pass 3
build · lint · test (ts + python)	Verify (build · typecheck · test · v1:smoke)	2026-08-10T08:08:30.4960029Z @polis/apps-verifier:test              | ℹ fail 0
build · lint · test (ts + python)	Verify (build · typecheck · test · v1:smoke)	2026-08-10T08:08:30.4960642Z @polis/apps-verifier:test              | ℹ cancelled 0
build · lint · test (ts + python)	Verify (build · typecheck · test · v1:smoke)	2026-08-10T08:08:30.4961357Z @polis/apps-verifier:test              | ℹ skipped 0
build · lint · test (ts + python)	Verify (build · typecheck · test · v1:smoke)	2026-08-10T08:08:30.4961886Z @polis/apps-verifier:test              | ℹ todo 0
build · lint · test (ts + python)	Verify (build · typecheck · test · v1:smoke)	2026-08-10T08:08:30.4962341Z @polis/apps-verifier:test              | ℹ duration_ms 50.203502
build · lint · test (ts + python)	Verify (build · typecheck · test · v1:smoke)	2026-08-10T08:08:30.5003556Z @polis/apps-verifier:test              | Done in 80ms
build · lint · test (ts + python)	Verify (build · typecheck · test · v1:smoke)	2026-08-10T08:08:30.5683340Z @polis/apps-web:test                   | ✔ complaint detail renders hostile API values as text (4.515423ms)
build · lint · test (ts + python)	Verify (build · typecheck · test · v1:smoke)	2026-08-10T08:08:30.5766346Z @polis/apps-web:test                   | ✔ web has required phase 1 routes (5.175687ms)
build · lint · test (ts + python)	Verify (build · typecheck · test · v1:smoke)	2026-08-10T08:08:30.5767350Z @polis/apps-web:test                   | ✔ web has trust-experience routes (0.920123ms)
build · lint · test (ts + python)	Verify (build · typecheck · test · v1:smoke)	2026-08-10T08:08:30.5768566Z @polis/apps-web:test                   | ✔ resident complaints routes are client-fetched and linked from primary navigation (2.467875ms)
build · lint · test (ts + python)	Verify (build · typecheck · test · v1:smoke)	2026-08-10T08:08:30.5770276Z @polis/apps-web:test                   | ✔ web verify page uses the client-side hashing flow (0.518685ms)
build · lint · test (ts + python)	Verify (build · typecheck · test · v1:smoke)	2026-08-10T08:08:30.5813547Z @polis/apps-web:test                   | ✔ M-RA web surfaces carry accountability markers and trust links (4.37452ms)
build · lint · test (ts + python)	Verify (build · typecheck · test · v1:smoke)	2026-08-10T08:08:30.5819768Z @polis/apps-web:test                   | ✔ mandate-holder detail scorecard counts deep-link to status evidence anchors (0.573618ms)
build · lint · test (ts + python)	Verify (build · typecheck · test · v1:smoke)	2026-08-10T08:08:30.5836344Z @polis/apps-web:test                   | ✔ pilot demonstrator pages disclose their development-only status and resources (1.745262ms)
build · lint · test (ts + python)	Verify (build · typecheck · test · v1:smoke)	2026-08-10T08:08:30.5894261Z @polis/apps-web:test                   | ℹ tests 8
build · lint · test (ts + python)	Verify (build · typecheck · test · v1:smoke)	2026-08-10T08:08:30.5894953Z @polis/apps-web:test                   | ℹ suites 0
build · lint · test (ts + python)	Verify (build · typecheck · test · v1:smoke)	2026-08-10T08:08:30.5895464Z @polis/apps-web:test                   | ℹ pass 8
build · lint · test (ts + python)	Verify (build · typecheck · test · v1:smoke)	2026-08-10T08:08:30.5895997Z @polis/apps-web:test                   | ℹ fail 0
build · lint · test (ts + python)	Verify (build · typecheck · test · v1:smoke)	2026-08-10T08:08:30.5896526Z @polis/apps-web:test                   | ℹ cancelled 0
build · lint · test (ts + python)	Verify (build · typecheck · test · v1:smoke)	2026-08-10T08:08:30.5897037Z @polis/apps-web:test                   | ℹ skipped 0
build · lint · test (ts + python)	Verify (build · typecheck · test · v1:smoke)	2026-08-10T08:08:30.5897540Z @polis/apps-web:test                   | ℹ todo 0
build · lint · test (ts + python)	Verify (build · typecheck · test · v1:smoke)	2026-08-10T08:08:30.5898432Z @polis/apps-web:test                   | ℹ duration_ms 63.736062
build · lint · test (ts + python)	Verify (build · typecheck · test · v1:smoke)	2026-08-10T08:08:30.5940269Z @polis/apps-web:test                   | Done in 94ms
build · lint · test (ts + python)	Verify (build · typecheck · test · v1:smoke)	2026-08-10T08:08:31.0603949Z @polis/audit-service:test              | ✔ audit-service readiness reports only database failures (1.092023ms)
build · lint · test (ts + python)	Verify (build · typecheck · test · v1:smoke)	2026-08-10T08:08:31.0605386Z @polis/audit-service:test              | ✔ computeAuditHash hashes previous hash plus canonical event JSON (0.378643ms)
build · lint · test (ts + python)	Verify (build · typecheck · test · v1:smoke)	2026-08-10T08:08:31.0606744Z @polis/audit-service:test              | ✔ buildCanonicalAuditEvent normalizes nullable fields and stable JSON (0.210559ms)
build · lint · test (ts + python)	Verify (build · typecheck · test · v1:smoke)	2026-08-10T08:08:31.0608015Z @polis/audit-service:test              | ✔ auditRoutes exposes append and public target read paths (0.249658ms)
build · lint · test (ts + python)	Verify (build · typecheck · test · v1:smoke)	2026-08-10T08:08:31.0731751Z @polis/audit-service:test              | ✔ audit-service rejects unauthenticated internal audit event requests (22.525988ms)
build · lint · test (ts + python)	Verify (build · typecheck · test · v1:smoke)	2026-08-10T08:08:31.1066375Z @polis/audit-service:test              | ℹ tests 5
build · lint · test (ts + python)	Verify (build · typecheck · test · v1:smoke)	2026-08-10T08:08:31.1067099Z @polis/audit-service:test              | ℹ suites 0
build · lint · test (ts + python)	Verify (build · typecheck · test · v1:smoke)	2026-08-10T08:08:31.1067739Z @polis/audit-service:test              | ℹ pass 5
build · lint · test (ts + python)	Verify (build · typecheck · test · v1:smoke)	2026-08-10T08:08:31.1068309Z @polis/audit-service:test              | ℹ fail 0
build · lint · test (ts + python)	Verify (build · typecheck · test · v1:smoke)	2026-08-10T08:08:31.1073617Z @polis/audit-service:test              | ℹ cancelled 0
build · lint · test (ts + python)	Verify (build · typecheck · test · v1:smoke)	2026-08-10T08:08:31.1074891Z @polis/audit-service:test              | ℹ skipped 0
build · lint · test (ts + python)	Verify (build · typecheck · test · v1:smoke)	2026-08-10T08:08:31.1075489Z @polis/audit-service:test              | ℹ todo 0
build · lint · test (ts + python)	Verify (build · typecheck · test · v1:smoke)	2026-08-10T08:08:31.1076046Z @polis/audit-service:test              | ℹ duration_ms 486.035507
build · lint · test (ts + python)	Verify (build · typecheck · test · v1:smoke)	2026-08-10T08:08:31.1146183Z @polis/audit-service:test              | Done in 520ms
build · lint · test (ts + python)	Verify (build · typecheck · test · v1:smoke)	2026-08-10T08:08:31.2067149Z @polis/canonicalization-service:test   | ✔ canonicalization-service exposes §9.11 canonicalize route (0.717216ms)
build · lint · test (ts + python)	Verify (build · typecheck · test · v1:smoke)	2026-08-10T08:08:31.2090366Z @polis/canonicalization-service:test   | ✔ same content yields the same hash bundle (4.888338ms)
build · lint · test (ts + python)	Verify (build · typecheck · test · v1:smoke)	2026-08-10T08:08:31.2097505Z @polis/canonicalization-service:test   | ✔ manifestHash is deterministic across calls (1.167297ms)
build · lint · test (ts + python)	Verify (build · typecheck · test · v1:smoke)	2026-08-10T08:08:31.2187069Z @polis/canonicalization-service:test   | ✔ different content yields a different originalFileHash (1.211083ms)
build · lint · test (ts + python)	Verify (build · typecheck · test · v1:smoke)	2026-08-10T08:08:31.2347323Z @polis/canonicalization-service:test   | ✔ canonicalization-service rejects unauthenticated internal canonicalize requests (23.528867ms)
build · lint · test (ts + python)	Verify (build · typecheck · test · v1:smoke)	2026-08-10T08:08:31.2474465Z @polis/canonicalization-service:test   | ℹ tests 5
build · lint · test (ts + python)	Verify (build · typecheck · test · v1:smoke)	2026-08-10T08:08:31.2482517Z @polis/canonicalization-service:test   | ℹ suites 0
build · lint · test (ts + python)	Verify (build · typecheck · test · v1:smoke)	2026-08-10T08:08:31.2483347Z @polis/canonicalization-service:test   | ℹ pass 5
build · lint · test (ts + python)	Verify (build · typecheck · test · v1:smoke)	2026-08-10T08:08:31.2486065Z @polis/canonicalization-service:test   | ℹ fail 0
build · lint · test (ts + python)	Verify (build · typecheck · test · v1:smoke)	2026-08-10T08:08:31.2491670Z @polis/canonicalization-service:test   | ℹ cancelled 0
build · lint · test (ts + python)	Verify (build · typecheck · test · v1:smoke)	2026-08-10T08:08:31.2492568Z @polis/canonicalization-service:test   | ℹ skipped 0
build · lint · test (ts + python)	Verify (build · typecheck · test · v1:smoke)	2026-08-10T08:08:31.2493083Z @polis/canonicalization-service:test   | ℹ todo 0
build · lint · test (ts + python)	Verify (build · typecheck · test · v1:smoke)	2026-08-10T08:08:31.2493676Z @polis/canonicalization-service:test   | ℹ duration_ms 102.032936
build · lint · test (ts + python)	Verify (build · typecheck · test · v1:smoke)	2026-08-10T08:08:31.2523151Z @polis/canonicalization-service:test   | Done in 138ms
build · lint · test (ts + python)	Verify (build · typecheck · test · v1:smoke)	2026-08-10T08:08:31.6895243Z @polis/citizen-identity-service:test   | ✔ citizen-identity-service exposes §21 magic-link + M10 OIDC routes (1.186896ms)
build · lint · test (ts + python)	Verify (build · typecheck · test · v1:smoke)	2026-08-10T08:08:31.7463458Z @polis/citizen-identity-service:test   | ✔ identity internal routes reject unauthenticated real HTTP requests (56.523717ms)
build · lint · test (ts + python)	Verify (build · typecheck · test · v1:smoke)	2026-08-10T08:08:31.7482549Z @polis/citizen-identity-service:test   | ✔ magic-link audit request sends internal authentication (2.110303ms)
build · lint · test (ts + python)	Verify (build · typecheck · test · v1:smoke)	2026-08-10T08:08:31.7486109Z @polis/citizen-identity-service:test   | ✔ missing internal token stays inside best-effort audit warning path (0.364661ms)
build · lint · test (ts + python)	Verify (build · typecheck · test · v1:smoke)	2026-08-10T08:08:32.6043463Z @polis/citizen-identity-service:test   | ✔ direct startup rejects missing and weak identity HMAC keys (861.399623ms)
build · lint · test (ts + python)	Verify (build · typecheck · test · v1:smoke)	2026-08-10T08:08:32.6045919Z @polis/citizen-identity-service:test   | ✔ imported HMAC-dependent routes reject missing and weak keys (1.194638ms)
build · lint · test (ts + python)	Verify (build · typecheck · test · v1:smoke)	2026-08-10T08:08:32.6049304Z @polis/citizen-identity-service:test   | ✔ explicit non-production stub exposes dev tokens without logging secrets (0.934204ms)
build · lint · test (ts + python)	Verify (build · typecheck · test · v1:smoke)	2026-08-10T08:08:32.6051147Z @polis/citizen-identity-service:test   | ✔ production neither surfaces nor stores dev tokens when the flag is true (0.677956ms)
build · lint · test (ts + python)	Verify (build · typecheck · test · v1:smoke)	2026-08-10T08:08:32.6275865Z @polis/citizen-identity-service:test   | ℹ tests 8
build · lint · test (ts + python)	Verify (build · typecheck · test · v1:smoke)	2026-08-10T08:08:32.6277064Z @polis/citizen-identity-service:test   | ℹ suites 0
build · lint · test (ts + python)	Verify (build · typecheck · test · v1:smoke)	2026-08-10T08:08:32.6277622Z @polis/citizen-identity-service:test   | ℹ pass 8
build · lint · test (ts + python)	Verify (build · typecheck · test · v1:smoke)	2026-08-10T08:08:32.6278177Z @polis/citizen-identity-service:test   | ℹ fail 0
build · lint · test (ts + python)	Verify (build · typecheck · test · v1:smoke)	2026-08-10T08:08:32.6278743Z @polis/citizen-identity-service:test   | ℹ cancelled 0
build · lint · test (ts + python)	Verify (build · typecheck · test · v1:smoke)	2026-08-10T08:08:32.6279332Z @polis/citizen-identity-service:test   | ℹ skipped 0
build · lint · test (ts + python)	Verify (build · typecheck · test · v1:smoke)	2026-08-10T08:08:32.6279873Z @polis/citizen-identity-service:test   | ℹ todo 0
build · lint · test (ts + python)	Verify (build · typecheck · test · v1:smoke)	2026-08-10T08:08:32.6280519Z @polis/citizen-identity-service:test   | ℹ duration_ms 1349.05545
build · lint · test (ts + python)	Verify (build · typecheck · test · v1:smoke)	2026-08-10T08:08:32.6323959Z @polis/citizen-identity-service:test   | Done in 1.38s
build · lint · test (ts + python)	Verify (build · typecheck · test · v1:smoke)	2026-08-10T08:08:33.0726496Z @polis/citizen-vault-service:test      | ✔ citizen-vault-service exposes operational and vault routes (0.927264ms)
build · lint · test (ts + python)	Verify (build · typecheck · test · v1:smoke)	2026-08-10T08:08:33.1242887Z @polis/citizen-vault-service:test      | {"service":"citizen-vault-service","stage":"audit-emit","warning":"INTERNAL_API_TOKEN is required"}
build · lint · test (ts + python)	Verify (build · typecheck · test · v1:smoke)	2026-08-10T08:08:33.1272748Z @polis/citizen-vault-service:test      | {"service":"citizen-vault-service","stage":"audit-emit","warning":"INTERNAL_API_TOKEN is required"}
build · lint · test (ts + python)	Verify (build · typecheck · test · v1:smoke)	2026-08-10T08:08:33.1282828Z @polis/citizen-vault-service:test      | ✔ citizen-vault-service guards internal routes while operational routes stay open (66.789117ms)
build · lint · test (ts + python)	Verify (build · typecheck · test · v1:smoke)	2026-08-10T08:08:33.1284274Z @polis/citizen-vault-service:test      | ✔ vault proof_only verification never returns document content fields (1.789208ms)
build · lint · test (ts + python)	Verify (build · typecheck · test · v1:smoke)	2026-08-10T08:08:33.1285561Z @polis/citizen-vault-service:test      | ✔ vault metadata verification never returns document content fields (0.332103ms)
build · lint · test (ts + python)	Verify (build · typecheck · test · v1:smoke)	2026-08-10T08:08:33.1826421Z @polis/citizen-vault-service:test      | ℹ tests 4
build · lint · test (ts + python)	Verify (build · typecheck · test · v1:smoke)	2026-08-10T08:08:33.1827427Z @polis/citizen-vault-service:test      | ℹ suites 0
build · lint · test (ts + python)	Verify (build · typecheck · test · v1:smoke)	2026-08-10T08:08:33.1828351Z @polis/citizen-vault-service:test      | ℹ pass 4
build · lint · test (ts + python)	Verify (build · typecheck · test · v1:smoke)	2026-08-10T08:08:33.1828910Z @polis/citizen-vault-service:test      | ℹ fail 0
build · lint · test (ts + python)	Verify (build · typecheck · test · v1:smoke)	2026-08-10T08:08:33.1829273Z @polis/citizen-vault-service:test      | ℹ cancelled 0
build · lint · test (ts + python)	Verify (build · typecheck · test · v1:smoke)	2026-08-10T08:08:33.1829658Z @polis/citizen-vault-service:test      | ℹ skipped 0
build · lint · test (ts + python)	Verify (build · typecheck · test · v1:smoke)	2026-08-10T08:08:33.1829997Z @polis/citizen-vault-service:test      | ℹ todo 0
build · lint · test (ts + python)	Verify (build · typecheck · test · v1:smoke)	2026-08-10T08:08:33.1830410Z @polis/citizen-vault-service:test      | ℹ duration_ms 523.930241
build · lint · test (ts + python)	Verify (build · typecheck · test · v1:smoke)	2026-08-10T08:08:33.1884496Z @polis/citizen-vault-service:test      | Done in 556ms
build · lint · test (ts + python)	Verify (build · typecheck · test · v1:smoke)	2026-08-10T08:08:33.6590889Z @polis/complaints-service:test         | ✔ complaints-service exposes exactly the required routes in safe order (1.352616ms)
build · lint · test (ts + python)	Verify (build · typecheck · test · v1:smoke)	2026-08-10T08:08:33.6830481Z @polis/complaints-service:test         | ✔ complaint internal HTTP routes reject a missing service token (20.372941ms)
build · lint · test (ts + python)	Verify (build · typecheck · test · v1:smoke)	2026-08-10T08:08:33.6833041Z @polis/complaints-service:test         | ✔ complaints-service readiness reports only database failures (0.418823ms)
build · lint · test (ts + python)	Verify (build · typecheck · test · v1:smoke)	2026-08-10T08:08:33.6842558Z @polis/complaints-service:test         | ✔ complaint transition matrix permits only schema lifecycle edges (0.262908ms)
build · lint · test (ts + python)	Verify (build · typecheck · test · v1:smoke)	2026-08-10T08:08:33.6860815Z @polis/complaints-service:test         | ✔ serializers expose private case content only in detail and strip internal ownership metadata (0.232041ms)
build · lint · test (ts + python)	Verify (build · typecheck · test · v1:smoke)	2026-08-10T08:08:33.6863411Z @polis/complaints-service:test         | ✔ resident creation fixes ownership and scope from trusted headers and keeps audit/event payloads safe (1.992205ms)
build · lint · test (ts + python)	Verify (build · typecheck · test · v1:smoke)	2026-08-10T08:08:33.6865263Z @polis/complaints-service:test         | ✔ creation rejects unverified actors and bounded-text violations before a transaction (0.24451ms)
build · lint · test (ts + python)	Verify (build · typecheck · test · v1:smoke)	2026-08-10T08:08:33.6868371Z @polis/complaints-service:test         | ✔ detail enforces resident ownership and denies plain staff without an active reader binding (0.569282ms)
build · lint · test (ts + python)	Verify (build · typecheck · test · v1:smoke)	2026-08-10T08:08:33.6870944Z @polis/complaints-service:test         | ✔ queue access accepts decision, intake, and evidence reader rights in the fixed jurisdiction (0.810036ms)
build · lint · test (ts + python)	Verify (build · typecheck · test · v1:smoke)	2026-08-10T08:08:33.6873367Z @polis/complaints-service:test         | ✔ detail access accepts intake and evidence reader rights in the fixed jurisdiction (0.63423ms)
build · lint · test (ts + python)	Verify (build · typecheck · test · v1:smoke)	2026-08-10T08:08:33.6876230Z @polis/complaints-service:test         | ✔ assignment validates intake authority, target role, and jurisdiction inside one transaction (1.221468ms)
build · lint · test (ts + python)	Verify (build · typecheck · test · v1:smoke)	2026-08-10T08:08:33.6877988Z @polis/complaints-service:test         | ✔ information requests require the right, allow only one unanswered request, and never audit the question (1.094116ms)
build · lint · test (ts + python)	Verify (build · typecheck · test · v1:smoke)	2026-08-10T08:08:33.6879597Z @polis/complaints-service:test         | ✔ information response requires the owning resident and preserves the assigned holder (0.791518ms)
build · lint · test (ts + python)	Verify (build · typecheck · test · v1:smoke)	2026-08-10T08:08:33.6881439Z @polis/complaints-service:test         | ✔ initial decision requires assignment, no pending request, one decision, and the assigned authorized holder (1.370094ms)
build · lint · test (ts + python)	Verify (build · typecheck · test · v1:smoke)	2026-08-10T08:08:33.6882821Z @polis/complaints-service:test         | ✔ appeal requires ownership, an initial decision, and no existing appeal (0.353125ms)
build · lint · test (ts + python)	Verify (build · typecheck · test · v1:smoke)	2026-08-10T08:08:33.6884149Z @polis/complaints-service:test         | ✔ appeal decision enforces distinct citizen and holder and closes the case atomically (0.963649ms)
build · lint · test (ts + python)	Verify (build · typecheck · test · v1:smoke)	2026-08-10T08:08:33.6885647Z @polis/complaints-service:test         | ✔ direct close requires the assigned initial decider, an initial decision, and no appeal (0.375709ms)
build · lint · test (ts + python)	Verify (build · typecheck · test · v1:smoke)	2026-08-10T08:08:33.7163445Z @polis/complaints-service:test         | ℹ tests 17
build · lint · test (ts + python)	Verify (build · typecheck · test · v1:smoke)	2026-08-10T08:08:33.7164808Z @polis/complaints-service:test         | ℹ suites 0
build · lint · test (ts + python)	Verify (build · typecheck · test · v1:smoke)	2026-08-10T08:08:33.7165780Z @polis/complaints-service:test         | ℹ pass 17
build · lint · test (ts + python)	Verify (build · typecheck · test · v1:smoke)	2026-08-10T08:08:33.7166393Z @polis/complaints-service:test         | ℹ fail 0
build · lint · test (ts + python)	Verify (build · typecheck · test · v1:smoke)	2026-08-10T08:08:33.7167022Z @polis/complaints-service:test         | ℹ cancelled 0
build · lint · test (ts + python)	Verify (build · typecheck · test · v1:smoke)	2026-08-10T08:08:33.7167653Z @polis/complaints-service:test         | ℹ skipped 0
build · lint · test (ts + python)	Verify (build · typecheck · test · v1:smoke)	2026-08-10T08:08:33.7168240Z @polis/complaints-service:test         | ℹ todo 0
build · lint · test (ts + python)	Verify (build · typecheck · test · v1:smoke)	2026-08-10T08:08:33.7168960Z @polis/complaints-service:test         | ℹ duration_ms 502.559167
build · lint · test (ts + python)	Verify (build · typecheck · test · v1:smoke)	2026-08-10T08:08:33.7232012Z @polis/complaints-service:test         | Done in 535ms
build · lint · test (ts + python)	Verify (build · typecheck · test · v1:smoke)	2026-08-10T08:08:34.1763333Z @polis/contribution-service:test       | ✔ contribution-service exposes §19 contribution + M-RA filing routes (1.811872ms)
build · lint · test (ts + python)	Verify (build · typecheck · test · v1:smoke)	2026-08-10T08:08:34.2226257Z @polis/contribution-service:test       | {"service":"contribution-service","stage":"audit-emit","warning":"INTERNAL_API_TOKEN is required"}
build · lint · test (ts + python)	Verify (build · typecheck · test · v1:smoke)	2026-08-10T08:08:34.2229802Z @polis/contribution-service:test       | {"service":"contribution-service","stage":"audit-emit","warning":"INTERNAL_API_TOKEN is required"}
build · lint · test (ts + python)	Verify (build · typecheck · test · v1:smoke)	2026-08-10T08:08:34.2231763Z @polis/contribution-service:test       | {"service":"contribution-service","stage":"audit-emit","warning":"INTERNAL_API_TOKEN is required"}
build · lint · test (ts + python)	Verify (build · typecheck · test · v1:smoke)	2026-08-10T08:08:34.2235770Z @polis/contribution-service:test       | {"service":"contribution-service","stage":"audit-emit","warning":"INTERNAL_API_TOKEN is required"}
build · lint · test (ts + python)	Verify (build · typecheck · test · v1:smoke)	2026-08-10T08:08:34.2241775Z @polis/contribution-service:test       | {"service":"contribution-service","stage":"audit-emit","warning":"INTERNAL_API_TOKEN is required"}
build · lint · test (ts + python)	Verify (build · typecheck · test · v1:smoke)	2026-08-10T08:08:34.2248979Z @polis/contribution-service:test       | {"service":"contribution-service","stage":"audit-emit","warning":"INTERNAL_API_TOKEN is required"}
build · lint · test (ts + python)	Verify (build · typecheck · test · v1:smoke)	2026-08-10T08:08:34.2302367Z @polis/contribution-service:test       | {"service":"contribution-service","stage":"audit-emit","warning":"INTERNAL_API_TOKEN is required"}
build · lint · test (ts + python)	Verify (build · typecheck · test · v1:smoke)	2026-08-10T08:08:34.2323433Z @polis/contribution-service:test       | {"service":"contribution-service","stage":"audit-required","warning":"audit-service returned 503"}
build · lint · test (ts + python)	Verify (build · typecheck · test · v1:smoke)	2026-08-10T08:08:34.2324860Z @polis/contribution-service:test       | {"service":"contribution-service","stage":"audit-required","warning":"audit-service returned 503"}
build · lint · test (ts + python)	Verify (build · typecheck · test · v1:smoke)	2026-08-10T08:08:34.2328764Z @polis/contribution-service:test       | {"service":"contribution-service","stage":"audit-required","warning":"audit-service returned 503"}
build · lint · test (ts + python)	Verify (build · typecheck · test · v1:smoke)	2026-08-10T08:08:34.2332647Z @polis/contribution-service:test       | {"service":"contribution-service","stage":"audit-required","warning":"completion audit offline"}
build · lint · test (ts + python)	Verify (build · typecheck · test · v1:smoke)	2026-08-10T08:08:34.2368650Z @polis/contribution-service:test       | {"service":"contribution-service","stage":"audit-required","warning":"INTERNAL_API_TOKEN is required"}
build · lint · test (ts + python)	Verify (build · typecheck · test · v1:smoke)	2026-08-10T08:08:34.2370269Z @polis/contribution-service:test       | {"service":"contribution-service","stage":"audit-required","warning":"audit offline"}
build · lint · test (ts + python)	Verify (build · typecheck · test · v1:smoke)	2026-08-10T08:08:34.2374991Z @polis/contribution-service:test       | ✔ contribution internal routes reject unauthenticated HTTP requests (57.043649ms)
build · lint · test (ts + python)	Verify (build · typecheck · test · v1:smoke)	2026-08-10T08:08:34.2377820Z @polis/contribution-service:test       | ✔ commitment filing rejects wrong-kind signed artifact (1.926956ms)
build · lint · test (ts + python)	Verify (build · typecheck · test · v1:smoke)	2026-08-10T08:08:34.2379250Z @polis/contribution-service:test       | ✔ commitment filing rejects revoked charter proof (0.566993ms)
build · lint · test (ts + python)	Verify (build · typecheck · test · v1:smoke)	2026-08-10T08:08:34.2389083Z @polis/contribution-service:test       | ✔ commitment filing rejects superseded charter proof (0.32344ms)
build · lint · test (ts + python)	Verify (build · typecheck · test · v1:smoke)	2026-08-10T08:08:34.2392518Z @polis/contribution-service:test       | ✔ commitment filing rejects unknown-registry charter proof (0.345533ms)
build · lint · test (ts + python)	Verify (build · typecheck · test · v1:smoke)	2026-08-10T08:08:34.2396060Z @polis/contribution-service:test       | ✔ commitment filing rejects direct terminal status instead of self-adjudicating (0.221435ms)
build · lint · test (ts + python)	Verify (build · typecheck · test · v1:smoke)	2026-08-10T08:08:34.2398617Z @polis/contribution-service:test       | ✔ commitment filing denies an accepted charter without signing evidence (0.348928ms)
build · lint · test (ts + python)	Verify (build · typecheck · test · v1:smoke)	2026-08-10T08:08:34.2400773Z @polis/contribution-service:test       | ✔ commitment filing rejects non-covering charter scope before inserts (0.603162ms)
build · lint · test (ts + python)	Verify (build · typecheck · test · v1:smoke)	2026-08-10T08:08:34.2402685Z @polis/contribution-service:test       | ✔ commitment filing rejects missing charter scope (1.200026ms)
build · lint · test (ts + python)	Verify (build · typecheck · test · v1:smoke)	2026-08-10T08:08:34.2404304Z @polis/contribution-service:test       | ✔ commitment filing rejects null charter scope (0.355158ms)
build · lint · test (ts + python)	Verify (build · typecheck · test · v1:smoke)	2026-08-10T08:08:34.2407189Z @polis/contribution-service:test       | ✔ commitment filing rejects malformed charter scope (0.311932ms)
build · lint · test (ts + python)	Verify (build · typecheck · test · v1:smoke)	2026-08-10T08:08:34.2408889Z @polis/contribution-service:test       | ✔ commitment filing rejects malformed entry charter scope (0.352333ms)
build · lint · test (ts + python)	Verify (build · typecheck · test · v1:smoke)	2026-08-10T08:08:34.2410474Z @polis/contribution-service:test       | ✔ commitment filing rejects malformed legacy scope without requested scope (0.529792ms)
build · lint · test (ts + python)	Verify (build · typecheck · test · v1:smoke)	2026-08-10T08:08:34.2412181Z @polis/contribution-service:test       | ✔ commitment filing allows covering charter scope (1.012492ms)
build · lint · test (ts + python)	Verify (build · typecheck · test · v1:smoke)	2026-08-10T08:08:34.2413774Z @polis/contribution-service:test       | ✔ commitment filing persists restricted evidence with restricted default visibility (0.960223ms)
build · lint · test (ts + python)	Verify (build · typecheck · test · v1:smoke)	2026-08-10T08:08:34.2415650Z @polis/contribution-service:test       | ✔ commitment filing rejects requested jurisdiction when object scope omits jurisdictions array (0.378994ms)
build · lint · test (ts + python)	Verify (build · typecheck · test · v1:smoke)	2026-08-10T08:08:34.2417482Z @polis/contribution-service:test       | ✔ resolution filing records requested terminal status as a pending claim only (0.866932ms)
build · lint · test (ts + python)	Verify (build · typecheck · test · v1:smoke)	2026-08-10T08:08:34.2419144Z @polis/contribution-service:test       | ✔ transactional representative gate rejects a stale earlier allowed view (0.510643ms)
build · lint · test (ts + python)	Verify (build · typecheck · test · v1:smoke)	2026-08-10T08:08:34.2420725Z @polis/contribution-service:test       | ✔ representative authorization audit failures return 503 without mutation (0.714661ms)
build · lint · test (ts + python)	Verify (build · typecheck · test · v1:smoke)	2026-08-10T08:08:34.2422353Z @polis/contribution-service:test       | ✔ representative completion audit failures roll back every staged mutation (0.868635ms)
build · lint · test (ts + python)	Verify (build · typecheck · test · v1:smoke)	2026-08-10T08:08:34.2423355Z @polis/contribution-service:test       | ✔ representative writes audit authorization then staged completion with bound actor (1.26899ms)
build · lint · test (ts + python)	Verify (build · typecheck · test · v1:smoke)	2026-08-10T08:08:34.2424351Z @polis/contribution-service:test       | ✔ submission handlers require trusted actors and reject caller contributor authority (0.500737ms)
build · lint · test (ts + python)	Verify (build · typecheck · test · v1:smoke)	2026-08-10T08:08:34.2425324Z @polis/contribution-service:test       | ✔ trusted evidence and graph-edit submissions bind the verified citizen after audit (1.452258ms)
build · lint · test (ts + python)	Verify (build · typecheck · test · v1:smoke)	2026-08-10T08:08:39.2371022Z @polis/contribution-service:test       | {"service":"contribution-service","stage":"audit-required","warning":"outbound request timed out after 5000ms"}
build · lint · test (ts + python)	Verify (build · typecheck · test · v1:smoke)	2026-08-10T08:08:39.2372569Z @polis/contribution-service:test       | {"service":"contribution-service","stage":"audit-required","warning":"audit-service returned 503"}
build · lint · test (ts + python)	Verify (build · typecheck · test · v1:smoke)	2026-08-10T08:08:39.2378590Z @polis/contribution-service:test       | {"service":"contribution-service","stage":"audit-required","warning":"audit-service returned 503"}
build · lint · test (ts + python)	Verify (build · typecheck · test · v1:smoke)	2026-08-10T08:08:39.2384563Z @polis/contribution-service:test       | {"service":"contribution-service","stage":"audit-required","warning":"completion audit offline"}
build · lint · test (ts + python)	Verify (build · typecheck · test · v1:smoke)	2026-08-10T08:08:39.2394812Z @polis/contribution-service:test       | {"service":"contribution-service","stage":"audit-required","warning":"audit-service returned 503"}
build · lint · test (ts + python)	Verify (build · typecheck · test · v1:smoke)	2026-08-10T08:08:39.2401992Z @polis/contribution-service:test       | {"service":"contribution-service","stage":"audit-required","warning":"audit-service returned 503"}
build · lint · test (ts + python)	Verify (build · typecheck · test · v1:smoke)	2026-08-10T08:08:39.2428471Z @polis/contribution-service:test       | {"service":"contribution-service","stage":"audit-required","warning":"audit offline"}
build · lint · test (ts + python)	Verify (build · typecheck · test · v1:smoke)	2026-08-10T08:08:39.2460014Z @polis/contribution-service:test       | ✔ required submission audit failures return 503 with zero DB mutation (5000.643084ms)
build · lint · test (ts + python)	Verify (build · typecheck · test · v1:smoke)	2026-08-10T08:08:39.2470625Z @polis/contribution-service:test       | ✔ submission completion audit failures roll back every staged mutation (1.2292ms)
build · lint · test (ts + python)	Verify (build · typecheck · test · v1:smoke)	2026-08-10T08:08:39.2471942Z @polis/contribution-service:test       | ✔ review completion audit failure rolls back review and status update (0.960824ms)
build · lint · test (ts + python)	Verify (build · typecheck · test · v1:smoke)	2026-08-10T08:08:39.2472797Z @polis/contribution-service:test       | ✔ approved review completion audit failure rolls back successful apply mutations (0.714411ms)
build · lint · test (ts + python)	Verify (build · typecheck · test · v1:smoke)	2026-08-10T08:08:39.2473614Z @polis/contribution-service:test       | ✔ review apply failure rolls back the decision and all apply mutations (0.744797ms)
build · lint · test (ts + python)	Verify (build · typecheck · test · v1:smoke)	2026-08-10T08:08:39.2474426Z @polis/contribution-service:test       | ✔ review queue requires staff with a current review_contribution binding (0.510353ms)
build · lint · test (ts + python)	Verify (build · typecheck · test · v1:smoke)	2026-08-10T08:08:39.2475246Z @polis/contribution-service:test       | ✔ review decide rejects body authority and self-review before audit or mutation (0.258722ms)
build · lint · test (ts + python)	Verify (build · typecheck · test · v1:smoke)	2026-08-10T08:08:39.2476086Z @polis/contribution-service:test       | ✔ review decide returns existing conflict when the pending claim loses the race (0.261085ms)
build · lint · test (ts + python)	Verify (build · typecheck · test · v1:smoke)	2026-08-10T08:08:39.2476892Z @polis/contribution-service:test       | ✔ review decide rechecks authority and self-review inside the transaction (0.409229ms)
build · lint · test (ts + python)	Verify (build · typecheck · test · v1:smoke)	2026-08-10T08:08:39.2477709Z @polis/contribution-service:test       | ✔ review audit failure returns 503 and distinct authorized reviewer can decide (0.837447ms)
build · lint · test (ts + python)	Verify (build · typecheck · test · v1:smoke)	2026-08-10T08:08:39.2478585Z @polis/contribution-service:test       | ✔ approved resolution review marks the referenced claim approved before status event is exposed (0.556843ms)
build · lint · test (ts + python)	Verify (build · typecheck · test · v1:smoke)	2026-08-10T08:08:39.2708473Z @polis/contribution-service:test       | ℹ tests 35
build · lint · test (ts + python)	Verify (build · typecheck · test · v1:smoke)	2026-08-10T08:08:39.2709795Z @polis/contribution-service:test       | ℹ suites 0
build · lint · test (ts + python)	Verify (build · typecheck · test · v1:smoke)	2026-08-10T08:08:39.2710374Z @polis/contribution-service:test       | ℹ pass 35
build · lint · test (ts + python)	Verify (build · typecheck · test · v1:smoke)	2026-08-10T08:08:39.2710919Z @polis/contribution-service:test       | ℹ fail 0
build · lint · test (ts + python)	Verify (build · typecheck · test · v1:smoke)	2026-08-10T08:08:39.2711489Z @polis/contribution-service:test       | ℹ cancelled 0
build · lint · test (ts + python)	Verify (build · typecheck · test · v1:smoke)	2026-08-10T08:08:39.2711954Z @polis/contribution-service:test       | ℹ skipped 0
build · lint · test (ts + python)	Verify (build · typecheck · test · v1:smoke)	2026-08-10T08:08:39.2712291Z @polis/contribution-service:test       | ℹ todo 0
build · lint · test (ts + python)	Verify (build · typecheck · test · v1:smoke)	2026-08-10T08:08:39.2712712Z @polis/contribution-service:test       | ℹ duration_ms 5521.364448
build · lint · test (ts + python)	Verify (build · typecheck · test · v1:smoke)	2026-08-10T08:08:39.2759383Z @polis/contribution-service:test       | Done in 5.55s
build · lint · test (ts + python)	Verify (build · typecheck · test · v1:smoke)	2026-08-10T08:08:39.8292125Z @polis/db:test                         | ✔ schema exports all private complaint tables (5.206329ms)
build · lint · test (ts + python)	Verify (build · typecheck · test · v1:smoke)	2026-08-10T08:08:39.8346076Z @polis/db:test                         | ✔ complaint lifecycle values and checks are canonical (0.420326ms)
build · lint · test (ts + python)	Verify (build · typecheck · test · v1:smoke)	2026-08-10T08:08:39.8347410Z @polis/db:test                         | ✔ complaint indexes enforce lookup and one-appeal contracts (0.705418ms)
build · lint · test (ts + python)	Verify (build · typecheck · test · v1:smoke)	2026-08-10T08:08:39.8348699Z @polis/db:test                         | ✔ complaint event data is non-null and defaults to an empty object (0.286924ms)
build · lint · test (ts + python)	Verify (build · typecheck · test · v1:smoke)	2026-08-10T08:08:39.9027470Z @polis/db:test                         | ✔ schema exposes the app_meta baseline table (0.694321ms)
build · lint · test (ts + python)	Verify (build · typecheck · test · v1:smoke)	2026-08-10T08:08:39.9028850Z @polis/db:test                         | ✔ getClient throws when no DATABASE_URL is provided (0.320345ms)
build · lint · test (ts + python)	Verify (build · typecheck · test · v1:smoke)	2026-08-10T08:08:39.9030076Z @polis/db:test                         | ✔ checkDatabase requires a URL and a bounded integer timeout (0.395128ms)
build · lint · test (ts + python)	Verify (build · typecheck · test · v1:smoke)	2026-08-10T08:08:39.9030919Z @polis/db:test                         | ✔ checkDatabase queries through a short-lived single connection (0.803386ms)
build · lint · test (ts + python)	Verify (build · typecheck · test · v1:smoke)	2026-08-10T08:08:39.9032252Z @polis/db:test                         | ✔ checkDatabase fails closed, sanitizes failures, and closes the connection (0.368477ms)
build · lint · test (ts + python)	Verify (build · typecheck · test · v1:smoke)	2026-08-10T08:08:40.0008541Z @polis/db:test                         | ✔ checkDatabase reports a bounded safe timeout and closes the connection (99.685362ms)
build · lint · test (ts + python)	Verify (build · typecheck · test · v1:smoke)	2026-08-10T08:08:40.0009506Z @polis/db:test                         | ✔ inspectMigrationState reports an absent or latest Drizzle migration without mutation (0.651195ms)
build · lint · test (ts + python)	Verify (build · typecheck · test · v1:smoke)	2026-08-10T08:08:40.1015014Z @polis/db:test                         | ✔ inspectMigrationState fails closed and closes the connection (100.518845ms)
build · lint · test (ts + python)	Verify (build · typecheck · test · v1:smoke)	2026-08-10T08:08:40.1246899Z @polis/db:test                         | ✔ migration 0013 does not reset accepted charters to pending (5.353401ms)
build · lint · test (ts + python)	Verify (build · typecheck · test · v1:smoke)	2026-08-10T08:08:40.1252034Z @polis/db:test                         | ▶ governance v1 seed data
build · lint · test (ts + python)	Verify (build · typecheck · test · v1:smoke)	2026-08-10T08:08:40.1252879Z @polis/db:test                         |   ✔ parses every required JSON file (18.917678ms)
build · lint · test (ts + python)	Verify (build · typecheck · test · v1:smoke)	2026-08-10T08:08:40.1253856Z @polis/db:test                         |   ✔ meets the §34 municipal duplication scenario minimums (2.139257ms)
build · lint · test (ts + python)	Verify (build · typecheck · test · v1:smoke)	2026-08-10T08:08:40.1254800Z @polis/db:test                         |   ✔ uses only canonical relationship_type values (0.671296ms)
build · lint · test (ts + python)	Verify (build · typecheck · test · v1:smoke)	2026-08-10T08:08:40.1255796Z @polis/db:test                         |   ✔ contains a pending normalized charter and staff reviewer (1.165334ms)
build · lint · test (ts + python)	Verify (build · typecheck · test · v1:smoke)	2026-08-10T08:08:40.1257006Z @polis/db:test                         |   ✔ binds reviewer-demo to explicit demo-only contribution review authority (0.856376ms)
build · lint · test (ts + python)	Verify (build · typecheck · test · v1:smoke)	2026-08-10T08:08:40.1258253Z @polis/db:test                         |   ✔ separates complaint intake, initial decision, and appeal authority (1.104271ms)
build · lint · test (ts + python)	Verify (build · typecheck · test · v1:smoke)	2026-08-10T08:08:40.1259202Z @polis/db:test                         | ✔ governance v1 seed data (25.907335ms)
build · lint · test (ts + python)	Verify (build · typecheck · test · v1:smoke)	2026-08-10T08:08:40.1259858Z @polis/db:test                         | ℹ tests 19
build · lint · test (ts + python)	Verify (build · typecheck · test · v1:smoke)	2026-08-10T08:08:40.1260405Z @polis/db:test                         | ℹ suites 1
build · lint · test (ts + python)	Verify (build · typecheck · test · v1:smoke)	2026-08-10T08:08:40.1260939Z @polis/db:test                         | ℹ pass 19
build · lint · test (ts + python)	Verify (build · typecheck · test · v1:smoke)	2026-08-10T08:08:40.1261680Z @polis/db:test                         | ℹ fail 0
build · lint · test (ts + python)	Verify (build · typecheck · test · v1:smoke)	2026-08-10T08:08:40.1262245Z @polis/db:test                         | ℹ cancelled 0
build · lint · test (ts + python)	Verify (build · typecheck · test · v1:smoke)	2026-08-10T08:08:40.1262811Z @polis/db:test                         | ℹ skipped 0
build · lint · test (ts + python)	Verify (build · typecheck · test · v1:smoke)	2026-08-10T08:08:40.1263352Z @polis/db:test                         | ℹ todo 0
build · lint · test (ts + python)	Verify (build · typecheck · test · v1:smoke)	2026-08-10T08:08:40.1263933Z @polis/db:test                         | ℹ duration_ms 823.79321
build · lint · test (ts + python)	Verify (build · typecheck · test · v1:smoke)	2026-08-10T08:08:40.1303849Z @polis/db:test                         | Done in 854ms
build · lint · test (ts + python)	Verify (build · typecheck · test · v1:smoke)	2026-08-10T08:08:40.2250775Z @polis/document-ingestion-gateway:test | ✔ document-ingestion-gateway exposes §14.3 ingestion route (0.782975ms)
build · lint · test (ts + python)	Verify (build · typecheck · test · v1:smoke)	2026-08-10T08:08:40.2256885Z @polis/document-ingestion-gateway:test | ✔ missing contentBase64 returns 400 missing_content (0.305612ms)
build · lint · test (ts + python)	Verify (build · typecheck · test · v1:smoke)	2026-08-10T08:08:40.2257890Z @polis/document-ingestion-gateway:test | ✔ orchestrates paperless → canonicalization → proof and returns the manifest (3.143226ms)
build · lint · test (ts + python)	Verify (build · typecheck · test · v1:smoke)	2026-08-10T08:08:40.2258709Z @polis/document-ingestion-gateway:test | ✔ rejects invalid ingestion input before any upstream call (0.467778ms)
build · lint · test (ts + python)	Verify (build · typecheck · test · v1:smoke)	2026-08-10T08:08:40.2400873Z @polis/document-ingestion-gateway:test | ✔ document-ingestion-gateway rejects unauthenticated internal HTTP calls (23.659123ms)
build · lint · test (ts + python)	Verify (build · typecheck · test · v1:smoke)	2026-08-10T08:08:40.2510895Z @polis/document-ingestion-gateway:test | ℹ tests 5
build · lint · test (ts + python)	Verify (build · typecheck · test · v1:smoke)	2026-08-10T08:08:40.2511795Z @polis/document-ingestion-gateway:test | ℹ suites 0
build · lint · test (ts + python)	Verify (build · typecheck · test · v1:smoke)	2026-08-10T08:08:40.2512366Z @polis/document-ingestion-gateway:test | ℹ pass 5
build · lint · test (ts + python)	Verify (build · typecheck · test · v1:smoke)	2026-08-10T08:08:40.2512749Z @polis/document-ingestion-gateway:test | ℹ fail 0
build · lint · test (ts + python)	Verify (build · typecheck · test · v1:smoke)	2026-08-10T08:08:40.2513924Z @polis/document-ingestion-gateway:test | ℹ cancelled 0
build · lint · test (ts + python)	Verify (build · typecheck · test · v1:smoke)	2026-08-10T08:08:40.2514985Z @polis/document-ingestion-gateway:test | ℹ skipped 0
build · lint · test (ts + python)	Verify (build · typecheck · test · v1:smoke)	2026-08-10T08:08:40.2515854Z @polis/document-ingestion-gateway:test | ℹ todo 0
build · lint · test (ts + python)	Verify (build · typecheck · test · v1:smoke)	2026-08-10T08:08:40.2516664Z @polis/document-ingestion-gateway:test | ℹ duration_ms 95.669225
build · lint · test (ts + python)	Verify (build · typecheck · test · v1:smoke)	2026-08-10T08:08:40.2589659Z @polis/document-ingestion-gateway:test | Done in 128ms
build · lint · test (ts + python)	Verify (build · typecheck · test · v1:smoke)	2026-08-10T08:08:40.8576572Z @polis/document-signing-service:test   | ✔ S3 artifact retrieval rejects bytes that do not match the stored hash (15.850216ms)
build · lint · test (ts + python)	Verify (build · typecheck · test · v1:smoke)	2026-08-10T08:08:40.8581458Z @polis/document-signing-service:test   | ✔ artifact store selection fails fast for incomplete S3 configuration (0.228927ms)
build · lint · test (ts + python)	Verify (build · typecheck · test · v1:smoke)	2026-08-10T08:08:40.9096696Z @polis/document-signing-service:test   | ✔ charter PDF is deterministic and orders object keys (8.245168ms)
build · lint · test (ts + python)	Verify (build · typecheck · test · v1:smoke)	2026-08-10T08:08:40.9098227Z @polis/document-signing-service:test   | ✔ charter PDF transliterates Croatian Latin text readably (1.281609ms)
build · lint · test (ts + python)	Verify (build · typecheck · test · v1:smoke)	2026-08-10T08:08:40.9099242Z @polis/document-signing-service:test   | ✔ charter PDF has valid xref offsets and trailer position (0.433816ms)
build · lint · test (ts + python)	Verify (build · typecheck · test · v1:smoke)	2026-08-10T08:08:40.9100163Z @polis/document-signing-service:test   | ✔ charter PDF wraps across pages and exports final-page signature fields (2.11473ms)
build · lint · test (ts + python)	Verify (build · typecheck · test · v1:smoke)	2026-08-10T08:08:40.9102102Z @polis/document-signing-service:test   | ✔ charter PDF requires a mandate holder for signature placement (0.476742ms)
build · lint · test (ts + python)	Verify (build · typecheck · test · v1:smoke)	2026-08-10T08:08:40.9103483Z @polis/document-signing-service:test   | ✔ create uses raw authorization and multipart payload/files on the v2 endpoint (32.068589ms)
build · lint · test (ts + python)	Verify (build · typecheck · test · v1:smoke)	2026-08-10T08:08:40.9104922Z @polis/document-signing-service:test   | ✔ distribute posts the envelope id then reads authoritative envelope state (0.761633ms)
build · lint · test (ts + python)	Verify (build · typecheck · test · v1:smoke)	2026-08-10T08:08:40.9106347Z @polis/document-signing-service:test   | ✔ getEnvelope maps Documenso terminal and active states (1.5993ms)
build · lint · test (ts + python)	Verify (build · typecheck · test · v1:smoke)	2026-08-10T08:08:40.9107850Z @polis/document-signing-service:test   | ✔ signed download uses exact endpoint and returns PDF bytes only after completion (1.775526ms)
build · lint · test (ts + python)	Verify (build · typecheck · test · v1:smoke)	2026-08-10T08:08:40.9122541Z @polis/document-signing-service:test   | ✔ signed download rejects wrong MIME and declared or streamed oversize bodies (1.849799ms)
build · lint · test (ts + python)	Verify (build · typecheck · test · v1:smoke)	2026-08-10T08:08:40.9162841Z @polis/document-signing-service:test   | ✔ non-2xx errors expose safe status/code and redact response secrets (0.512446ms)
build · lint · test (ts + python)	Verify (build · typecheck · test · v1:smoke)	2026-08-10T08:08:40.9164319Z @polis/document-signing-service:test   | ✔ constructor rejects missing or invalid Documenso configuration (0.228807ms)
build · lint · test (ts + python)	Verify (build · typecheck · test · v1:smoke)	2026-08-10T08:08:41.0167452Z @polis/document-signing-service:test   | ✔ route table exposes the complete internal signing surface (1.086855ms)
build · lint · test (ts + python)	Verify (build · typecheck · test · v1:smoke)	2026-08-10T08:08:41.0169888Z @polis/document-signing-service:test   | ✔ documenso provider mode fails when any required configuration is missing (0.410131ms)
build · lint · test (ts + python)	Verify (build · typecheck · test · v1:smoke)	2026-08-10T08:08:41.0171772Z @polis/document-signing-service:test   | ✔ proof registration sends exact service provenance and requires active proof (3.602492ms)
build · lint · test (ts + python)	Verify (build · typecheck · test · v1:smoke)	2026-08-10T08:08:41.0173631Z @polis/document-signing-service:test   | ✔ stub completion rejects a citizen who is not the signing recipient (0.480227ms)
build · lint · test (ts + python)	Verify (build · typecheck · test · v1:smoke)	2026-08-10T08:08:41.0175174Z @polis/document-signing-service:test   | ✔ webhook secret mismatch makes no repository state change (0.303549ms)
build · lint · test (ts + python)	Verify (build · typecheck · test · v1:smoke)	2026-08-10T08:08:41.0177330Z @polis/document-signing-service:test   | ✔ production stub mode omits the completion route unless explicitly allowed (0.163207ms)
build · lint · test (ts + python)	Verify (build · typecheck · test · v1:smoke)	2026-08-10T08:08:41.0182886Z @polis/document-signing-service:test   | ✔ signing status is limited to the owner or staff (0.790987ms)
build · lint · test (ts + python)	Verify (build · typecheck · test · v1:smoke)	2026-08-10T08:08:41.0184379Z @polis/document-signing-service:test   | ✔ artifact download verifies stored bytes against artifact metadata (0.386685ms)
build · lint · test (ts + python)	Verify (build · typecheck · test · v1:smoke)	2026-08-10T08:08:41.0187603Z @polis/document-signing-service:test   | ✔ reconciliation failures persist and stop at the configured attempt cap (0.493567ms)
build · lint · test (ts + python)	Verify (build · typecheck · test · v1:smoke)	2026-08-10T08:08:41.0428010Z @polis/document-signing-service:test   | ✔ stub charter flow finalizes once and preserves exact signed bytes (9.849875ms)
build · lint · test (ts + python)	Verify (build · typecheck · test · v1:smoke)	2026-08-10T08:08:41.0430942Z @polis/document-signing-service:test   | ✔ webhook receipts deduplicate and never override authoritative pending state (0.926422ms)
build · lint · test (ts + python)	Verify (build · typecheck · test · v1:smoke)	2026-08-10T08:08:41.0433207Z @polis/document-signing-service:test   | ✔ stale observations cannot regress a completed request (0.988315ms)
build · lint · test (ts + python)	Verify (build · typecheck · test · v1:smoke)	2026-08-10T08:08:41.0434542Z @polis/document-signing-service:test   | ✔ storage failure leaves completion retryable (1.233015ms)
build · lint · test (ts + python)	Verify (build · typecheck · test · v1:smoke)	2026-08-10T08:08:41.0435723Z @polis/document-signing-service:test   | ✔ non-owner cannot initiate charter signing (0.263328ms)
build · lint · test (ts + python)	Verify (build · typecheck · test · v1:smoke)	2026-08-10T08:08:41.0437228Z @polis/document-signing-service:test   | ✔ same idempotency key cannot cross mandate-holder boundaries (0.599788ms)
build · lint · test (ts + python)	Verify (build · typecheck · test · v1:smoke)	2026-08-10T08:08:41.0438681Z @polis/document-signing-service:test   | ✔ retry after a terminal outcome reuses the unsigned artifact (0.882115ms)
build · lint · test (ts + python)	Verify (build · typecheck · test · v1:smoke)	2026-08-10T08:08:41.0440346Z @polis/document-signing-service:test   | ✔ concurrent reconciliation registers one proof and one terminal event pair (0.586748ms)
build · lint · test (ts + python)	Verify (build · typecheck · test · v1:smoke)	2026-08-10T08:08:41.0442203Z @polis/document-signing-service:test   | ✔ webhook receipts associate known envelopes and cap unresolved events (0.672859ms)
build · lint · test (ts + python)	Verify (build · typecheck · test · v1:smoke)	2026-08-10T08:08:41.0444055Z @polis/document-signing-service:test   | ✔ concurrent unresolved webhook receipts cannot exceed the cap (1.173486ms)
build · lint · test (ts + python)	Verify (build · typecheck · test · v1:smoke)	2026-08-10T08:08:41.0445938Z @polis/document-signing-service:test   | ✔ accepted charter guard emits one acceptance across competing requests (0.300675ms)
build · lint · test (ts + python)	Verify (build · typecheck · test · v1:smoke)	2026-08-10T08:08:41.0447690Z @polis/document-signing-service:test   | ✔ stub provider implements deterministic draft and distribution lifecycle (4.234508ms)
build · lint · test (ts + python)	Verify (build · typecheck · test · v1:smoke)	2026-08-10T08:08:41.0449282Z @polis/document-signing-service:test   | ✔ stub completion produces a distinct parseable PDF derivative (1.312325ms)
build · lint · test (ts + python)	Verify (build · typecheck · test · v1:smoke)	2026-08-10T08:08:41.0450983Z @polis/document-signing-service:test   | ✔ stub provider rejects invalid lifecycle operations and unknown items (0.675983ms)
build · lint · test (ts + python)	Verify (build · typecheck · test · v1:smoke)	2026-08-10T08:08:41.0452301Z @polis/document-signing-service:test   | ℹ tests 37
build · lint · test (ts + python)	Verify (build · typecheck · test · v1:smoke)	2026-08-10T08:08:41.0453067Z @polis/document-signing-service:test   | ℹ suites 0
build · lint · test (ts + python)	Verify (build · typecheck · test · v1:smoke)	2026-08-10T08:08:41.0453859Z @polis/document-signing-service:test   | ℹ pass 37
build · lint · test (ts + python)	Verify (build · typecheck · test · v1:smoke)	2026-08-10T08:08:41.0454290Z @polis/document-signing-service:test   | ℹ fail 0
build · lint · test (ts + python)	Verify (build · typecheck · test · v1:smoke)	2026-08-10T08:08:41.0454675Z @polis/document-signing-service:test   | ℹ cancelled 0
build · lint · test (ts + python)	Verify (build · typecheck · test · v1:smoke)	2026-08-10T08:08:41.0455091Z @polis/document-signing-service:test   | ℹ skipped 0
build · lint · test (ts + python)	Verify (build · typecheck · test · v1:smoke)	2026-08-10T08:08:41.0455463Z @polis/document-signing-service:test   | ℹ todo 0
build · lint · test (ts + python)	Verify (build · typecheck · test · v1:smoke)	2026-08-10T08:08:41.0455886Z @polis/document-signing-service:test   | ℹ duration_ms 759.131466
build · lint · test (ts + python)	Verify (build · typecheck · test · v1:smoke)	2026-08-10T08:08:41.0492118Z @polis/document-signing-service:test   | Done in 790ms
build · lint · test (ts + python)	Verify (build · typecheck · test · v1:smoke)	2026-08-10T08:08:41.1243232Z @polis/domain:test                     | ✔ proof manifests verify matching active hashes only (7.491848ms)
build · lint · test (ts + python)	Verify (build · typecheck · test · v1:smoke)	2026-08-10T08:08:41.1244492Z @polis/domain:test                     | ✔ assessment scores stay bounded (0.319624ms)
build · lint · test (ts + python)	Verify (build · typecheck · test · v1:smoke)	2026-08-10T08:08:41.1245701Z @polis/domain:test                     | ✔ charter signing summary contains public-safe proof metadata only (0.669253ms)
build · lint · test (ts + python)	Verify (build · typecheck · test · v1:smoke)	2026-08-10T08:08:41.1247050Z @polis/domain:test                     | ✔ complaint constants define the complete lifecycle contract (0.166672ms)
build · lint · test (ts + python)	Verify (build · typecheck · test · v1:smoke)	2026-08-10T08:08:41.1248471Z @polis/domain:test                     | ✔ complaint wire shapes expose case data without internal identifiers (0.204479ms)
build · lint · test (ts + python)	Verify (build · typecheck · test · v1:smoke)	2026-08-10T08:08:41.1343316Z @polis/domain:test                     | ✔ not_found when proof is null (1.654414ms)
build · lint · test (ts + python)	Verify (build · typecheck · test · v1:smoke)	2026-08-10T08:08:41.1344412Z @polis/domain:test                     | ✔ not_found when apiStatus is not_found even with proof object (0.252392ms)
build · lint · test (ts + python)	Verify (build · typecheck · test · v1:smoke)	2026-08-10T08:08:41.1345504Z @polis/domain:test                     | ✔ private_or_restricted for private proofVisibility (0.180473ms)
build · lint · test (ts + python)	Verify (build · typecheck · test · v1:smoke)	2026-08-10T08:08:41.1346572Z @polis/domain:test                     | ✔ private_or_restricted for commitment_only proofVisibility (0.140022ms)
build · lint · test (ts + python)	Verify (build · typecheck · test · v1:smoke)	2026-08-10T08:08:41.1347561Z @polis/domain:test                     | ✔ private_or_restricted for sealed registryStatus (0.194063ms)
build · lint · test (ts + python)	Verify (build · typecheck · test · v1:smoke)	2026-08-10T08:08:41.1348645Z @polis/domain:test                     | ✔ restricted precedence: never leaks failure details (§15.9) (0.209957ms)
build · lint · test (ts + python)	Verify (build · typecheck · test · v1:smoke)	2026-08-10T08:08:41.1350311Z @polis/domain:test                     | ✔ integrity_failure when computed hash matches neither original nor canonical hash (0.417071ms)
build · lint · test (ts + python)	Verify (build · typecheck · test · v1:smoke)	2026-08-10T08:08:41.1353831Z @polis/domain:test                     | ✔ hash match against originalFileHash passes, case/whitespace-insensitive (0.247745ms)
build · lint · test (ts + python)	Verify (build · typecheck · test · v1:smoke)	2026-08-10T08:08:41.1355041Z @polis/domain:test                     | ✔ hash match against canonicalPdfHash passes (0.761573ms)
build · lint · test (ts + python)	Verify (build · typecheck · test · v1:smoke)	2026-08-10T08:08:41.1356037Z @polis/domain:test                     | ✔ signature_invalid when any signature is invalid (0.21801ms)
build · lint · test (ts + python)	Verify (build · typecheck · test · v1:smoke)	2026-08-10T08:08:41.1357058Z @polis/domain:test                     | ✔ timestamp_invalid when any timestamp is invalid (0.430471ms)
build · lint · test (ts + python)	Verify (build · typecheck · test · v1:smoke)	2026-08-10T08:08:41.1358256Z @polis/domain:test                     | ✔ signature_invalid takes precedence over timestamp_invalid and revoked (0.139211ms)
build · lint · test (ts + python)	Verify (build · typecheck · test · v1:smoke)	2026-08-10T08:08:41.1359434Z @polis/domain:test                     | ✔ integrity_failure takes precedence over signature_invalid (0.856937ms)
build · lint · test (ts + python)	Verify (build · typecheck · test · v1:smoke)	2026-08-10T08:08:41.1360231Z @polis/domain:test                     | ✔ revoked registryStatus (0.160293ms)
build · lint · test (ts + python)	Verify (build · typecheck · test · v1:smoke)	2026-08-10T08:08:41.1360900Z @polis/domain:test                     | ✔ valid_but_expired registryStatus (0.148725ms)
build · lint · test (ts + python)	Verify (build · typecheck · test · v1:smoke)	2026-08-10T08:08:41.1361971Z @polis/domain:test                     | ✔ valid_but_superseded via registryStatus (0.187634ms)
build · lint · test (ts + python)	Verify (build · typecheck · test · v1:smoke)	2026-08-10T08:08:41.1362534Z @polis/domain:test                     | ✔ valid_but_superseded via supersededBy pointer (0.144699ms)
build · lint · test (ts + python)	Verify (build · typecheck · test · v1:smoke)	2026-08-10T08:08:41.1363089Z @polis/domain:test                     | ✔ revoked takes precedence over superseded (0.089806ms)
build · lint · test (ts + python)	Verify (build · typecheck · test · v1:smoke)	2026-08-10T08:08:41.1363650Z @polis/domain:test                     | ✔ issuer_unknown when all signatures lack issuerId (0.080222ms)
build · lint · test (ts + python)	Verify (build · typecheck · test · v1:smoke)	2026-08-10T08:08:41.1364303Z @polis/domain:test                     | ✔ no issuer_unknown when at least one signature has issuerId (0.066741ms)
build · lint · test (ts + python)	Verify (build · typecheck · test · v1:smoke)	2026-08-10T08:08:41.1364882Z @polis/domain:test                     | ✔ status_unknown registryStatus (0.061373ms)
build · lint · test (ts + python)	Verify (build · typecheck · test · v1:smoke)	2026-08-10T08:08:41.1365465Z @polis/domain:test                     | ✔ issuer_unknown takes precedence over status_unknown (0.061342ms)
build · lint · test (ts + python)	Verify (build · typecheck · test · v1:smoke)	2026-08-10T08:08:41.1366168Z @polis/domain:test                     | ✔ valid: everything checks out, all five mechanisms reported (0.101924ms)
build · lint · test (ts + python)	Verify (build · typecheck · test · v1:smoke)	2026-08-10T08:08:41.1367366Z @polis/domain:test                     | ✔ hash check is not_checked when verdict comes from proof-id lookup (0.091909ms)
build · lint · test (ts + python)	Verify (build · typecheck · test · v1:smoke)	2026-08-10T08:08:41.1368413Z @polis/domain:test                     | ✔ empty signatures → signature not_present, issuer not_checked, still valid (0.147333ms)
build · lint · test (ts + python)	Verify (build · typecheck · test · v1:smoke)	2026-08-10T08:08:41.1369090Z @polis/domain:test                     | ✔ empty timestamps → timestamp not_present, still valid (0.108395ms)
build · lint · test (ts + python)	Verify (build · typecheck · test · v1:smoke)	2026-08-10T08:08:41.1369775Z @polis/domain:test                     | ✔ indeterminate signature status does not fail verdict but is reported (0.116667ms)
build · lint · test (ts + python)	Verify (build · typecheck · test · v1:smoke)	2026-08-10T08:08:41.1370439Z @polis/domain:test                     | ✔ not_checked signature status is reported as not_checked (0.121163ms)
build · lint · test (ts + python)	Verify (build · typecheck · test · v1:smoke)	2026-08-10T08:08:41.1371381Z @polis/domain:test                     | ✔ test-key signature forces §15.7 label and adds explanation note (0.119852ms)
build · lint · test (ts + python)	Verify (build · typecheck · test · v1:smoke)	2026-08-10T08:08:41.1372295Z @polis/domain:test                     | ✔ every verdict carries the proof-not-truth note key (§15.4) (0.14578ms)
build · lint · test (ts + python)	Verify (build · typecheck · test · v1:smoke)	2026-08-10T08:08:41.1420688Z @polis/domain:test                     | ℹ tests 35
build · lint · test (ts + python)	Verify (build · typecheck · test · v1:smoke)	2026-08-10T08:08:41.1421561Z @polis/domain:test                     | ℹ suites 0
build · lint · test (ts + python)	Verify (build · typecheck · test · v1:smoke)	2026-08-10T08:08:41.1422160Z @polis/domain:test                     | ℹ pass 35
build · lint · test (ts + python)	Verify (build · typecheck · test · v1:smoke)	2026-08-10T08:08:41.1422709Z @polis/domain:test                     | ℹ fail 0
build · lint · test (ts + python)	Verify (build · typecheck · test · v1:smoke)	2026-08-10T08:08:41.1423260Z @polis/domain:test                     | ℹ cancelled 0
build · lint · test (ts + python)	Verify (build · typecheck · test · v1:smoke)	2026-08-10T08:08:41.1423825Z @polis/domain:test                     | ℹ skipped 0
build · lint · test (ts + python)	Verify (build · typecheck · test · v1:smoke)	2026-08-10T08:08:41.1424358Z @polis/domain:test                     | ℹ todo 0
build · lint · test (ts + python)	Verify (build · typecheck · test · v1:smoke)	2026-08-10T08:08:41.1424973Z @polis/domain:test                     | ℹ duration_ms 67.202111
build · lint · test (ts + python)	Verify (build · typecheck · test · v1:smoke)	2026-08-10T08:08:41.1468042Z @polis/domain:test                     | Done in 98ms
build · lint · test (ts + python)	Verify (build · typecheck · test · v1:smoke)	2026-08-10T08:08:41.6120959Z @polis/governance-graph-api:test       | ✔ governance-graph-api exposes §23.1 institutions + roles + processes + traverse (0.944299ms)
build · lint · test (ts + python)	Verify (build · typecheck · test · v1:smoke)	2026-08-10T08:08:41.6127097Z @polis/governance-graph-api:test       | ✔ governance-graph-api readiness reports only database failures (0.60815ms)
build · lint · test (ts + python)	Verify (build · typecheck · test · v1:smoke)	2026-08-10T08:08:41.6128665Z @polis/governance-graph-api:test       | ✔ scorecard counts read-derived overdue without grades or rankings (0.589532ms)
build · lint · test (ts + python)	Verify (build · typecheck · test · v1:smoke)	2026-08-10T08:08:41.6131647Z @polis/governance-graph-api:test       | ✔ commitment detail derives overdue at read time without a status event (0.636273ms)
build · lint · test (ts + python)	Verify (build · typecheck · test · v1:smoke)	2026-08-10T08:08:41.6133298Z @polis/governance-graph-api:test       | ✔ commitment detail includes public claim evidence projection with restricted fields redacted (0.562151ms)
build · lint · test (ts + python)	Verify (build · typecheck · test · v1:smoke)	2026-08-10T08:08:41.6134973Z @polis/governance-graph-api:test       | ✔ public commitment resolution keeps restricted evidence identity but redacts sensitive fields (0.390451ms)
build · lint · test (ts + python)	Verify (build · typecheck · test · v1:smoke)	2026-08-10T08:08:41.6136547Z @polis/governance-graph-api:test       | ✔ mandate-holder detail returns only safe evidence from the latest signed charter (0.50198ms)
build · lint · test (ts + python)	Verify (build · typecheck · test · v1:smoke)	2026-08-10T08:08:41.6391156Z @polis/governance-graph-api:test       | ℹ tests 7
build · lint · test (ts + python)	Verify (build · typecheck · test · v1:smoke)	2026-08-10T08:08:41.6392691Z @polis/governance-graph-api:test       | ℹ suites 0
build · lint · test (ts + python)	Verify (build · typecheck · test · v1:smoke)	2026-08-10T08:08:41.6393391Z @polis/governance-graph-api:test       | ℹ pass 7
build · lint · test (ts + python)	Verify (build · typecheck · test · v1:smoke)	2026-08-10T08:08:41.6393963Z @polis/governance-graph-api:test       | ℹ fail 0
build · lint · test (ts + python)	Verify (build · typecheck · test · v1:smoke)	2026-08-10T08:08:41.6394512Z @polis/governance-graph-api:test       | ℹ cancelled 0
build · lint · test (ts + python)	Verify (build · typecheck · test · v1:smoke)	2026-08-10T08:08:41.6395089Z @polis/governance-graph-api:test       | ℹ skipped 0
build · lint · test (ts + python)	Verify (build · typecheck · test · v1:smoke)	2026-08-10T08:08:41.6395667Z @polis/governance-graph-api:test       | ℹ todo 0
build · lint · test (ts + python)	Verify (build · typecheck · test · v1:smoke)	2026-08-10T08:08:41.6396335Z @polis/governance-graph-api:test       | ℹ duration_ms 465.930658
build · lint · test (ts + python)	Verify (build · typecheck · test · v1:smoke)	2026-08-10T08:08:41.6438837Z @polis/governance-graph-api:test       | Done in 497ms
build · lint · test (ts + python)	Verify (build · typecheck · test · v1:smoke)	2026-08-10T08:08:41.7409487Z @polis/paperless-adapter:test          | ✔ paperless-adapter exposes §23.9 consume + document routes (0.965011ms)
build · lint · test (ts + python)	Verify (build · typecheck · test · v1:smoke)	2026-08-10T08:08:41.7411088Z @polis/paperless-adapter:test          | ✔ consume route derives its body cap from DOCUMENT_MAX_UPLOAD_BYTES (0.210729ms)
build · lint · test (ts + python)	Verify (build · typecheck · test · v1:smoke)	2026-08-10T08:08:41.7413075Z @polis/paperless-adapter:test          | ✔ StubPaperlessClient.consume returns a doc with id + ocrText (0.695562ms)
build · lint · test (ts + python)	Verify (build · typecheck · test · v1:smoke)	2026-08-10T08:08:41.7415331Z @polis/paperless-adapter:test          | ✔ fetchDocument round-trips a consumed id and rejects unknown ids (0.242126ms)
build · lint · test (ts + python)	Verify (build · typecheck · test · v1:smoke)	2026-08-10T08:08:41.7417024Z @polis/paperless-adapter:test          | ✔ createPaperlessClient defaults to stub when PAPERLESS_MODE is unset (0.14536ms)
build · lint · test (ts + python)	Verify (build · typecheck · test · v1:smoke)	2026-08-10T08:08:41.7420575Z @polis/paperless-adapter:test          | ✔ createPaperlessClient resolves PAPERLESS_MODE=stub to StubPaperlessClient (0.117077ms)
build · lint · test (ts + python)	Verify (build · typecheck · test · v1:smoke)	2026-08-10T08:08:41.7422664Z @polis/paperless-adapter:test          | ✔ createPaperlessClient resolves PAPERLESS_MODE=http to HttpPaperlessClient when token is set (0.209187ms)
build · lint · test (ts + python)	Verify (build · typecheck · test · v1:smoke)	2026-08-10T08:08:41.7424391Z @polis/paperless-adapter:test          | ✔ HttpPaperlessClient ctor requires PAPERLESS_API_TOKEN in http mode (0.401067ms)
build · lint · test (ts + python)	Verify (build · typecheck · test · v1:smoke)	2026-08-10T08:08:41.7426002Z @polis/paperless-adapter:test          | ✔ createPaperlessClient throws on an unsupported mode (0.166552ms)
build · lint · test (ts + python)	Verify (build · typecheck · test · v1:smoke)	2026-08-10T08:08:41.7606471Z @polis/paperless-adapter:test          | ✔ archive route returns exact consumed bytes with MIME (26.639964ms)
build · lint · test (ts + python)	Verify (build · typecheck · test · v1:smoke)	2026-08-10T08:08:41.7608589Z @polis/paperless-adapter:test          | ✔ HttpPaperlessClient retrieves unmodified archive bytes and MIME (2.594716ms)
build · lint · test (ts + python)	Verify (build · typecheck · test · v1:smoke)	2026-08-10T08:08:41.7610326Z @polis/paperless-adapter:test          | ✔ HttpPaperlessClient rejects an oversized archive from Content-Length (0.577224ms)
build · lint · test (ts + python)	Verify (build · typecheck · test · v1:smoke)	2026-08-10T08:08:41.7612251Z @polis/paperless-adapter:test          | ✔ HttpPaperlessClient cancels a chunked archive when streamed bytes exceed the cap (0.652297ms)
build · lint · test (ts + python)	Verify (build · typecheck · test · v1:smoke)	2026-08-10T08:08:41.7683639Z @polis/paperless-adapter:test          | ✔ paperless-adapter rejects unauthenticated internal HTTP calls (7.618139ms)
build · lint · test (ts + python)	Verify (build · typecheck · test · v1:smoke)	2026-08-10T08:08:41.8172886Z @polis/paperless-adapter:test          | ℹ tests 14
build · lint · test (ts + python)	Verify (build · typecheck · test · v1:smoke)	2026-08-10T08:08:41.8174047Z @polis/paperless-adapter:test          | ℹ suites 0
build · lint · test (ts + python)	Verify (build · typecheck · test · v1:smoke)	2026-08-10T08:08:41.8174646Z @polis/paperless-adapter:test          | ℹ pass 14
build · lint · test (ts + python)	Verify (build · typecheck · test · v1:smoke)	2026-08-10T08:08:41.8175221Z @polis/paperless-adapter:test          | ℹ fail 0
build · lint · test (ts + python)	Verify (build · typecheck · test · v1:smoke)	2026-08-10T08:08:41.8175856Z @polis/paperless-adapter:test          | ℹ cancelled 0
build · lint · test (ts + python)	Verify (build · typecheck · test · v1:smoke)	2026-08-10T08:08:41.8176459Z @polis/paperless-adapter:test          | ℹ skipped 0
build · lint · test (ts + python)	Verify (build · typecheck · test · v1:smoke)	2026-08-10T08:08:41.8177028Z @polis/paperless-adapter:test          | ℹ todo 0
build · lint · test (ts + python)	Verify (build · typecheck · test · v1:smoke)	2026-08-10T08:08:41.8177699Z @polis/paperless-adapter:test          | ℹ duration_ms 147.128418
build · lint · test (ts + python)	Verify (build · typecheck · test · v1:smoke)	2026-08-10T08:08:41.8233843Z @polis/paperless-adapter:test          | Done in 179ms
build · lint · test (ts + python)	Verify (build · typecheck · test · v1:smoke)	2026-08-10T08:08:42.2742492Z @polis/platform-api:test               | ✔ platform startup permits dev and only the approved public-read pilot shape (1.112603ms)
build · lint · test (ts + python)	Verify (build · typecheck · test · v1:smoke)	2026-08-10T08:08:42.2743862Z @polis/platform-api:test               | ✔ platform-api preserves the exact ordered route contract (1.020024ms)
build · lint · test (ts + python)	Verify (build · typecheck · test · v1:smoke)	2026-08-10T08:08:42.2745074Z @polis/platform-api:test               | ✔ platform-api exposes complaints routes in literal-before-id order (0.251681ms)
build · lint · test (ts + python)	Verify (build · typecheck · test · v1:smoke)	2026-08-10T08:08:42.2746392Z @polis/platform-api:test               | ✔ withPublicEdge is a no-op unless PUBLIC_EDGE=true (reference identity) (0.215556ms)
build · lint · test (ts + python)	Verify (build · typecheck · test · v1:smoke)	2026-08-10T08:08:42.2748118Z @polis/platform-api:test               | ✔ public edge executable route matrix keeps every unapproved platform route pure 405 (0.869036ms)
build · lint · test (ts + python)	Verify (build · typecheck · test · v1:smoke)	2026-08-10T08:08:42.2749494Z @polis/platform-api:test               | ✔ withPublicEdge blocks write/login/participation + dev-tokens (PUBLIC_EDGE=true) (0.714922ms)
build · lint · test (ts + python)	Verify (build · typecheck · test · v1:smoke)	2026-08-10T08:08:42.2750853Z @polis/platform-api:test               | ✔ withPublicEdge permits only the exact allowlist and fails unknown routes closed (0.76632ms)
build · lint · test (ts + python)	Verify (build · typecheck · test · v1:smoke)	2026-08-10T08:08:42.2752184Z @polis/platform-api:test               | ✔ same-path platform proxy sends the internal token upstream (2.807518ms)
build · lint · test (ts + python)	Verify (build · typecheck · test · v1:smoke)	2026-08-10T08:08:42.2754808Z @polis/platform-api:test               | ✔ citizen-authenticated platform proxy verifies the session and authenticates the internal call (0.955496ms)
build · lint · test (ts + python)	Verify (build · typecheck · test · v1:smoke)	2026-08-10T08:08:42.2756551Z @polis/platform-api:test               | ✔ complaint routes enforce citizen and staff sessions (0.616854ms)
build · lint · test (ts + python)	Verify (build · typecheck · test · v1:smoke)	2026-08-10T08:08:42.2757829Z @polis/platform-api:test               | ✔ complaint proxy forwards trusted actor headers and ignores forged browser headers (0.690195ms)
build · lint · test (ts + python)	Verify (build · typecheck · test · v1:smoke)	2026-08-10T08:08:42.2759390Z @polis/platform-api:test               | ✔ charter signing initiation requires an idempotency key and forwards the trusted actor (0.859982ms)
build · lint · test (ts + python)	Verify (build · typecheck · test · v1:smoke)	2026-08-10T08:08:42.2762331Z @polis/platform-api:test               | ✔ contribution writes require a healthy verified session and reject caller authority (1.42734ms)
build · lint · test (ts + python)	Verify (build · typecheck · test · v1:smoke)	2026-08-10T08:08:42.2765145Z @polis/platform-api:test               | ✔ review routes reject forged authority and forward only a verified distinct staff actor (0.844348ms)
build · lint · test (ts + python)	Verify (build · typecheck · test · v1:smoke)	2026-08-10T08:08:42.2767456Z @polis/platform-api:test               | ✔ assistant administration routes require staff and forward trusted actor context (2.135502ms)
build · lint · test (ts + python)	Verify (build · typecheck · test · v1:smoke)	2026-08-10T08:08:42.2769526Z @polis/platform-api:test               | ✔ Documenso webhook forwards raw bytes and secret with a bounded raw route (0.539907ms)
build · lint · test (ts + python)	Verify (build · typecheck · test · v1:smoke)	2026-08-10T08:08:42.2780324Z @polis/platform-api:test               | ✔ internal BFF calls use a validated timeout and return safe gateway errors (0.516081ms)
build · lint · test (ts + python)	Verify (build · typecheck · test · v1:smoke)	2026-08-10T08:08:42.2782055Z @polis/platform-api:test               | ✔ complaint proxy returns safe 502 and 504 errors (0.669403ms)
build · lint · test (ts + python)	Verify (build · typecheck · test · v1:smoke)	2026-08-10T08:08:42.2783163Z @polis/platform-api:test               | ✔ platform readiness checks the database and every pilot upstream with internal headers (0.349719ms)
build · lint · test (ts + python)	Verify (build · typecheck · test · v1:smoke)	2026-08-10T08:08:42.2784449Z @polis/platform-api:test               | ✔ platform readiness fails with only the safe dependency label (0.462971ms)
build · lint · test (ts + python)	Verify (build · typecheck · test · v1:smoke)	2026-08-10T08:08:42.2785616Z @polis/platform-api:test               | ✔ platform readiness checks complaints only outside PUBLIC_EDGE (0.284661ms)
build · lint · test (ts + python)	Verify (build · typecheck · test · v1:smoke)	2026-08-10T08:08:42.2786796Z @polis/platform-api:test               | ✔ pilot migration failure propagates before service startup (0.223889ms)
build · lint · test (ts + python)	Verify (build · typecheck · test · v1:smoke)	2026-08-10T08:08:42.2788208Z @polis/platform-api:test               | ✔ dev migration failure preserves warning-and-start tolerance (0.143316ms)
build · lint · test (ts + python)	Verify (build · typecheck · test · v1:smoke)	2026-08-10T08:08:42.3371046Z @polis/platform-api:test               | ℹ tests 23
build · lint · test (ts + python)	Verify (build · typecheck · test · v1:smoke)	2026-08-10T08:08:42.3371991Z @polis/platform-api:test               | ℹ suites 0
build · lint · test (ts + python)	Verify (build · typecheck · test · v1:smoke)	2026-08-10T08:08:42.3372574Z @polis/platform-api:test               | ℹ pass 23
build · lint · test (ts + python)	Verify (build · typecheck · test · v1:smoke)	2026-08-10T08:08:42.3373113Z @polis/platform-api:test               | ℹ fail 0
build · lint · test (ts + python)	Verify (build · typecheck · test · v1:smoke)	2026-08-10T08:08:42.3373657Z @polis/platform-api:test               | ℹ cancelled 0
build · lint · test (ts + python)	Verify (build · typecheck · test · v1:smoke)	2026-08-10T08:08:42.3374244Z @polis/platform-api:test               | ℹ skipped 0
build · lint · test (ts + python)	Verify (build · typecheck · test · v1:smoke)	2026-08-10T08:08:42.3374784Z @polis/platform-api:test               | ℹ todo 0
build · lint · test (ts + python)	Verify (build · typecheck · test · v1:smoke)	2026-08-10T08:08:42.3375421Z @polis/platform-api:test               | ℹ duration_ms 487.458256
build · lint · test (ts + python)	Verify (build · typecheck · test · v1:smoke)	2026-08-10T08:08:42.3417846Z @polis/platform-api:test               | Done in 518ms
build · lint · test (ts + python)	Verify (build · typecheck · test · v1:smoke)	2026-08-10T08:08:43.3369134Z @polis/policy-rules:test               | ✔ rewards denies political_agreement even when approved + under cap (ADR-007) (16.564782ms)
build · lint · test (ts + python)	Verify (build · typecheck · test · v1:smoke)	2026-08-10T08:08:43.3370915Z @polis/policy-rules:test               | ✔ rewards grants eligible for approved civic effort under cap; denies draft + over-cap (32.477618ms)
build · lint · test (ts + python)	Verify (build · typecheck · test · v1:smoke)	2026-08-10T08:08:43.3378009Z @polis/policy-rules:test               | ✔ vault access allows active, started, unexpired, unrevoked grant (11.146724ms)
build · lint · test (ts + python)	Verify (build · typecheck · test · v1:smoke)	2026-08-10T08:08:43.3379657Z @polis/policy-rules:test               | ✔ vault access denies future-dated grant (starts_at > now) (11.092782ms)
build · lint · test (ts + python)	Verify (build · typecheck · test · v1:smoke)	2026-08-10T08:08:43.3380974Z @polis/policy-rules:test               | ✔ vault access denies expired grant (11.14153ms)
build · lint · test (ts + python)	Verify (build · typecheck · test · v1:smoke)	2026-08-10T08:08:43.3382344Z @polis/policy-rules:test               | ✔ vault access denies revoked grant (10.987232ms)
build · lint · test (ts + python)	Verify (build · typecheck · test · v1:smoke)	2026-08-10T08:08:43.3383529Z @polis/policy-rules:test               | ✔ vault proof_only scope reports no_bytes guard (21.46018ms)
build · lint · test (ts + python)	Verify (build · typecheck · test · v1:smoke)	2026-08-10T08:08:43.3384602Z @polis/policy-rules:test               | ✔ access allows the owner (20.748468ms)
build · lint · test (ts + python)	Verify (build · typecheck · test · v1:smoke)	2026-08-10T08:08:43.3386076Z @polis/policy-rules:test               | ✔ ai publish requires citations AND approved sources AND no injection AND approved review (ADR-005 / §30.6) (52.345233ms)
build · lint · test (ts + python)	Verify (build · typecheck · test · v1:smoke)	2026-08-10T08:08:43.3387685Z @polis/policy-rules:test               | ✔ polis conversation creation requires service-level trust (M2 §13) (20.850473ms)
build · lint · test (ts + python)	Verify (build · typecheck · test · v1:smoke)	2026-08-10T08:08:43.3389166Z @polis/policy-rules:test               | ✔ contribute allow_submit accepts only real verified session levels (75.017864ms)
build · lint · test (ts + python)	Verify (build · typecheck · test · v1:smoke)	2026-08-10T08:08:43.3393345Z @polis/policy-rules:test               | ✔ contribute allow_review requires staff right and distinct reviewer (53.450576ms)
build · lint · test (ts + python)	Verify (build · typecheck · test · v1:smoke)	2026-08-10T08:08:43.3395085Z @polis/policy-rules:test               | ✔ contribute auto_publish blocks political_agreement even when approved (M6 §22 / ADR-007) (30.709783ms)
build · lint · test (ts + python)	Verify (build · typecheck · test · v1:smoke)	2026-08-10T08:08:43.3396620Z @polis/policy-rules:test               | ✔ pilot redaction denies missing reason (M9 §30.10) (11.139186ms)
build · lint · test (ts + python)	Verify (build · typecheck · test · v1:smoke)	2026-08-10T08:08:43.3398015Z @polis/policy-rules:test               | ✔ pilot redaction denies partner-alone request (M9 §30.10) (10.796233ms)
build · lint · test (ts + python)	Verify (build · typecheck · test · v1:smoke)	2026-08-10T08:08:43.3399939Z @polis/policy-rules:test               | ✔ pilot redaction allows project governance with reason (M9 §30.10) (11.074289ms)
build · lint · test (ts + python)	Verify (build · typecheck · test · v1:smoke)	2026-08-10T08:08:43.3401752Z @polis/policy-rules:test               | ✔ representative access allows only verified active accepted in-scope officials (M-RA) (129.821165ms)
build · lint · test (ts + python)	Verify (build · typecheck · test · v1:smoke)	2026-08-10T08:08:43.3403525Z @polis/policy-rules:test               | ✔ representative access enforces charter jurisdiction and process coverage (M-RA Phase 4) (45.497094ms)
build · lint · test (ts + python)	Verify (build · typecheck · test · v1:smoke)	2026-08-10T08:08:43.3405387Z @polis/policy-rules:test               | ✔ representative status terminal changes require approved resolution and no self-assignment (M-RA) (53.123175ms)
build · lint · test (ts + python)	Verify (build · typecheck · test · v1:smoke)	2026-08-10T08:08:43.3407246Z @polis/policy-rules:test               | ✔ representative overdue status is system-derived only (M-RA) (44.174207ms)
build · lint · test (ts + python)	Verify (build · typecheck · test · v1:smoke)	2026-08-10T08:08:43.3409609Z @polis/policy-rules:test               | ✔ identity access allows stub mode and oidc with verified email (M10) (31.197425ms)
build · lint · test (ts + python)	Verify (build · typecheck · test · v1:smoke)	2026-08-10T08:08:43.3411196Z @polis/policy-rules:test               | ✔ complaints permits verified creation and owner reads but denies owner mismatch (35.191319ms)
build · lint · test (ts + python)	Verify (build · typecheck · test · v1:smoke)	2026-08-10T08:08:43.3412896Z @polis/policy-rules:test               | ✔ complaints staff reads require active in-jurisdiction decision authority (59.099353ms)
build · lint · test (ts + python)	Verify (build · typecheck · test · v1:smoke)	2026-08-10T08:08:43.3414579Z @polis/policy-rules:test               | ✔ complaints assignment requires intake authority and a valid initial-decision target (46.25448ms)
build · lint · test (ts + python)	Verify (build · typecheck · test · v1:smoke)	2026-08-10T08:08:43.3416381Z @polis/policy-rules:test               | ✔ complaints lifecycle blocks pending work, duplicates, closed commands, and same appeal decider (80.363326ms)
build · lint · test (ts + python)	Verify (build · typecheck · test · v1:smoke)	2026-08-10T08:08:43.3495833Z @polis/policy-rules:test               | ℹ tests 25
build · lint · test (ts + python)	Verify (build · typecheck · test · v1:smoke)	2026-08-10T08:08:43.3496447Z @polis/policy-rules:test               | ℹ suites 0
build · lint · test (ts + python)	Verify (build · typecheck · test · v1:smoke)	2026-08-10T08:08:43.3496937Z @polis/policy-rules:test               | ℹ pass 25
build · lint · test (ts + python)	Verify (build · typecheck · test · v1:smoke)	2026-08-10T08:08:43.3497402Z @polis/policy-rules:test               | ℹ fail 0
build · lint · test (ts + python)	Verify (build · typecheck · test · v1:smoke)	2026-08-10T08:08:43.3497983Z @polis/policy-rules:test               | ℹ cancelled 0
build · lint · test (ts + python)	Verify (build · typecheck · test · v1:smoke)	2026-08-10T08:08:43.3498609Z @polis/policy-rules:test               | ℹ skipped 0
build · lint · test (ts + python)	Verify (build · typecheck · test · v1:smoke)	2026-08-10T08:08:43.3499073Z @polis/policy-rules:test               | ℹ todo 0
build · lint · test (ts + python)	Verify (build · typecheck · test · v1:smoke)	2026-08-10T08:08:43.3500125Z @polis/policy-rules:test               | ℹ duration_ms 982.085475
build · lint · test (ts + python)	Verify (build · typecheck · test · v1:smoke)	2026-08-10T08:08:43.3541119Z @polis/policy-rules:test               | Done in 1.01s
build · lint · test (ts + python)	Verify (build · typecheck · test · v1:smoke)	2026-08-10T08:08:43.7899988Z @polis/polis-bridge-service:test       | ✔ polis-bridge-service readiness reports only database failures (1.14981ms)
build · lint · test (ts + python)	Verify (build · typecheck · test · v1:smoke)	2026-08-10T08:08:43.7901701Z @polis/polis-bridge-service:test       | ✔ polis-bridge-service validates the internal fetch timeout (0.386555ms)
build · lint · test (ts + python)	Verify (build · typecheck · test · v1:smoke)	2026-08-10T08:08:43.7915063Z @polis/polis-bridge-service:test       | ✔ polis-bridge-service bounds best-effort audit emission (2.394133ms)
build · lint · test (ts + python)	Verify (build · typecheck · test · v1:smoke)	2026-08-10T08:08:43.7932710Z @polis/polis-bridge-service:test       | ✔ polis-bridge-service exposes §13 issues + conversation + internal sync routes (0.158951ms)
build · lint · test (ts + python)	Verify (build · typecheck · test · v1:smoke)	2026-08-10T08:08:43.8358535Z @polis/polis-bridge-service:test       | ✔ polis-bridge-service rejects unauthenticated internal HTTP requests (56.182017ms)
build · lint · test (ts + python)	Verify (build · typecheck · test · v1:smoke)	2026-08-10T08:08:43.8617234Z @polis/polis-bridge-service:test       | ℹ tests 5
build · lint · test (ts + python)	Verify (build · typecheck · test · v1:smoke)	2026-08-10T08:08:43.8617997Z @polis/polis-bridge-service:test       | ℹ suites 0
build · lint · test (ts + python)	Verify (build · typecheck · test · v1:smoke)	2026-08-10T08:08:43.8618594Z @polis/polis-bridge-service:test       | ℹ pass 5
build · lint · test (ts + python)	Verify (build · typecheck · test · v1:smoke)	2026-08-10T08:08:43.8619774Z @polis/polis-bridge-service:test       | ℹ fail 0
build · lint · test (ts + python)	Verify (build · typecheck · test · v1:smoke)	2026-08-10T08:08:43.8620510Z @polis/polis-bridge-service:test       | ℹ cancelled 0
build · lint · test (ts + python)	Verify (build · typecheck · test · v1:smoke)	2026-08-10T08:08:43.8621227Z @polis/polis-bridge-service:test       | ℹ skipped 0
build · lint · test (ts + python)	Verify (build · typecheck · test · v1:smoke)	2026-08-10T08:08:43.8621985Z @polis/polis-bridge-service:test       | ℹ todo 0
build · lint · test (ts + python)	Verify (build · typecheck · test · v1:smoke)	2026-08-10T08:08:43.8622740Z @polis/polis-bridge-service:test       | ℹ duration_ms 482.869721
build · lint · test (ts + python)	Verify (build · typecheck · test · v1:smoke)	2026-08-10T08:08:43.8672395Z @polis/polis-bridge-service:test       | Done in 513ms
build · lint · test (ts + python)	Verify (build · typecheck · test · v1:smoke)	2026-08-10T08:08:44.3083358Z @polis/proof-service:test              | ✔ proof-service exposes §9.12 + §9.18 proof + verify routes (1.060475ms)
build · lint · test (ts + python)	Verify (build · typecheck · test · v1:smoke)	2026-08-10T08:08:44.3085476Z @polis/proof-service:test              | ✔ proof-service readiness reports only database failures (0.661892ms)
build · lint · test (ts + python)	Verify (build · typecheck · test · v1:smoke)	2026-08-10T08:08:44.3086672Z @polis/proof-service:test              | ✔ proof-service validates the internal fetch timeout (0.386395ms)
build · lint · test (ts + python)	Verify (build · typecheck · test · v1:smoke)	2026-08-10T08:08:44.3239678Z @polis/proof-service:test              | ✔ non-public proofs are not_found on every public proof route (5.170795ms)
build · lint · test (ts + python)	Verify (build · typecheck · test · v1:smoke)	2026-08-10T08:08:44.3240926Z @polis/proof-service:test              | ✔ hash verification reports revoked before valid (2.809041ms)
build · lint · test (ts + python)	Verify (build · typecheck · test · v1:smoke)	2026-08-10T08:08:44.3244629Z @polis/proof-service:test              | ✔ manifest activates only after signature and timestamp creation succeed (2.000117ms)
build · lint · test (ts + python)	Verify (build · typecheck · test · v1:smoke)	2026-08-10T08:08:44.3246382Z @polis/proof-service:test              | ✔ signature failure leaves the manifest unknown and emits its warning audit (1.039113ms)
build · lint · test (ts + python)	Verify (build · typecheck · test · v1:smoke)	2026-08-10T08:08:44.3247788Z @polis/proof-service:test              | ✔ timestamp failure leaves the manifest unknown and emits its warning audit (0.930928ms)
build · lint · test (ts + python)	Verify (build · typecheck · test · v1:smoke)	2026-08-10T08:08:44.3249164Z @polis/proof-service:test              | ✔ manifest creation rejects unknown creator services before inserting (0.199222ms)
build · lint · test (ts + python)	Verify (build · typecheck · test · v1:smoke)	2026-08-10T08:08:44.3251410Z @polis/proof-service:test              | ✔ manifest and hash verification apply child then stored lifecycle precedence (0.652988ms)
build · lint · test (ts + python)	Verify (build · typecheck · test · v1:smoke)	2026-08-10T08:08:44.3682999Z @polis/proof-service:test              | ✔ proof-service rejects unauthenticated internal HTTP calls (50.123229ms)
build · lint · test (ts + python)	Verify (build · typecheck · test · v1:smoke)	2026-08-10T08:08:44.3982897Z @polis/proof-service:test              | ℹ tests 11
build · lint · test (ts + python)	Verify (build · typecheck · test · v1:smoke)	2026-08-10T08:08:44.3983638Z @polis/proof-service:test              | ℹ suites 0
build · lint · test (ts + python)	Verify (build · typecheck · test · v1:smoke)	2026-08-10T08:08:44.3984236Z @polis/proof-service:test              | ℹ pass 11
build · lint · test (ts + python)	Verify (build · typecheck · test · v1:smoke)	2026-08-10T08:08:44.3984818Z @polis/proof-service:test              | ℹ fail 0
build · lint · test (ts + python)	Verify (build · typecheck · test · v1:smoke)	2026-08-10T08:08:44.3985416Z @polis/proof-service:test              | ℹ cancelled 0
build · lint · test (ts + python)	Verify (build · typecheck · test · v1:smoke)	2026-08-10T08:08:44.3986013Z @polis/proof-service:test              | ℹ skipped 0
build · lint · test (ts + python)	Verify (build · typecheck · test · v1:smoke)	2026-08-10T08:08:44.3986577Z @polis/proof-service:test              | ℹ todo 0
build · lint · test (ts + python)	Verify (build · typecheck · test · v1:smoke)	2026-08-10T08:08:44.3987276Z @polis/proof-service:test              | ℹ duration_ms 500.052573
build · lint · test (ts + python)	Verify (build · typecheck · test · v1:smoke)	2026-08-10T08:08:44.4046528Z @polis/proof-service:test              | Done in 537ms
build · lint · test (ts + python)	Verify (build · typecheck · test · v1:smoke)	2026-08-10T08:08:44.8424051Z @polis/rewards-service:test            | ✔ rewards-service exposes operational, public, and internal routes (0.808173ms)
build · lint · test (ts + python)	Verify (build · typecheck · test · v1:smoke)	2026-08-10T08:08:44.8925551Z @polis/rewards-service:test            | ✔ rewards-service guards internal routes while operational routes stay open (60.988592ms)
build · lint · test (ts + python)	Verify (build · typecheck · test · v1:smoke)	2026-08-10T08:08:44.9514991Z @polis/rewards-service:test            | ℹ tests 2
build · lint · test (ts + python)	Verify (build · typecheck · test · v1:smoke)	2026-08-10T08:08:44.9515655Z @polis/rewards-service:test            | ℹ suites 0
build · lint · test (ts + python)	Verify (build · typecheck · test · v1:smoke)	2026-08-10T08:08:44.9516036Z @polis/rewards-service:test            | ℹ pass 2
build · lint · test (ts + python)	Verify (build · typecheck · test · v1:smoke)	2026-08-10T08:08:44.9516381Z @polis/rewards-service:test            | ℹ fail 0
build · lint · test (ts + python)	Verify (build · typecheck · test · v1:smoke)	2026-08-10T08:08:44.9516732Z @polis/rewards-service:test            | ℹ cancelled 0
build · lint · test (ts + python)	Verify (build · typecheck · test · v1:smoke)	2026-08-10T08:08:44.9517080Z @polis/rewards-service:test            | ℹ skipped 0
build · lint · test (ts + python)	Verify (build · typecheck · test · v1:smoke)	2026-08-10T08:08:44.9517407Z @polis/rewards-service:test            | ℹ todo 0
build · lint · test (ts + python)	Verify (build · typecheck · test · v1:smoke)	2026-08-10T08:08:44.9517861Z @polis/rewards-service:test            | ℹ duration_ms 518.934812
build · lint · test (ts + python)	Verify (build · typecheck · test · v1:smoke)	2026-08-10T08:08:44.9562591Z @polis/rewards-service:test            | Done in 552ms
build · lint · test (ts + python)	Verify (build · typecheck · test · v1:smoke)	2026-08-10T08:08:45.0518886Z @polis/service-runtime:test            | ✔ operationalRoutes exposes the four operational endpoints (0.851319ms)
build · lint · test (ts + python)	Verify (build · typecheck · test · v1:smoke)	2026-08-10T08:08:45.0519708Z @polis/service-runtime:test            | ✔ versionMeta carries source/build transparency fields (0.163958ms)
build · lint · test (ts + python)	Verify (build · typecheck · test · v1:smoke)	2026-08-10T08:08:45.0793112Z @polis/service-runtime:test            | ✔ open ops stay available while internal routes require the configured token (34.328749ms)
build · lint · test (ts + python)	Verify (build · typecheck · test · v1:smoke)	2026-08-10T08:08:45.0869717Z @polis/service-runtime:test            | ✔ internal routes fail closed when INTERNAL_API_TOKEN is not configured (8.41256ms)
build · lint · test (ts + python)	Verify (build · typecheck · test · v1:smoke)	2026-08-10T08:08:45.1062873Z @polis/service-runtime:test            | ✔ public-shaped routes reject forged or partial actor context and accept trusted actors (18.678976ms)
build · lint · test (ts + python)	Verify (build · typecheck · test · v1:smoke)	2026-08-10T08:08:45.1152915Z @polis/service-runtime:test            | ✔ default JSON, raw, and none body modes reach handlers with the expected value (8.017823ms)
build · lint · test (ts + python)	Verify (build · typecheck · test · v1:smoke)	2026-08-10T08:08:45.1192790Z @polis/service-runtime:test            | ✔ route-specific body caps produce a typed 413 response (3.505104ms)
build · lint · test (ts + python)	Verify (build · typecheck · test · v1:smoke)	2026-08-10T08:08:45.1197657Z @polis/service-runtime:test            | ✔ unexpected handler errors are logged without leaking details to clients (3.25752ms)
build · lint · test (ts + python)	Verify (build · typecheck · test · v1:smoke)	2026-08-10T08:08:45.1233934Z @polis/service-runtime:test            | ✔ binaryResult emits exact bytes, status, content type, and safe headers (2.639914ms)
build · lint · test (ts + python)	Verify (build · typecheck · test · v1:smoke)	2026-08-10T08:08:45.1262052Z @polis/service-runtime:test            | ✔ internal header helpers require a token and protect trusted values (0.877949ms)
build · lint · test (ts + python)	Verify (build · typecheck · test · v1:smoke)	2026-08-10T08:08:45.1263345Z @polis/service-runtime:test            | ✔ CORS preflight advertises the expanded methods and headers (1.869239ms)
build · lint · test (ts + python)	Verify (build · typecheck · test · v1:smoke)	2026-08-10T08:08:45.1264545Z @polis/service-runtime:test            | ✔ deployment profiles preserve dev defaults and reject unsafe pilot configuration (0.734071ms)
build · lint · test (ts + python)	Verify (build · typecheck · test · v1:smoke)	2026-08-10T08:08:45.1389915Z @polis/service-runtime:test            | ✔ fetchWithTimeout maps its deadline and preserves caller cancellation (12.636042ms)
build · lint · test (ts + python)	Verify (build · typecheck · test · v1:smoke)	2026-08-10T08:08:45.1503875Z @polis/service-runtime:test            | ✔ readiness reports safe 200/503 state while liveness stays up (11.219908ms)
build · lint · test (ts + python)	Verify (build · typecheck · test · v1:smoke)	2026-08-10T08:08:45.1567044Z @polis/service-runtime:test            | ✔ safe headers and explicit CORS apply to JSON, binary, text, and preflight (7.066153ms)
build · lint · test (ts + python)	Verify (build · typecheck · test · v1:smoke)	2026-08-10T08:08:45.1588405Z @polis/service-runtime:test            | ✔ startService applies configured HTTP limits and startup validation (0.505645ms)
build · lint · test (ts + python)	Verify (build · typecheck · test · v1:smoke)	2026-08-10T08:08:45.1853535Z @polis/service-runtime:test            | ✔ signal drain is shared, marks readiness down, and force-closes after grace (28.198852ms)
build · lint · test (ts + python)	Verify (build · typecheck · test · v1:smoke)	2026-08-10T08:08:45.1956825Z @polis/service-runtime:test            | ℹ tests 17
build · lint · test (ts + python)	Verify (build · typecheck · test · v1:smoke)	2026-08-10T08:08:45.1957447Z @polis/service-runtime:test            | ℹ suites 0
build · lint · test (ts + python)	Verify (build · typecheck · test · v1:smoke)	2026-08-10T08:08:45.1957991Z @polis/service-runtime:test            | ℹ pass 17
build · lint · test (ts + python)	Verify (build · typecheck · test · v1:smoke)	2026-08-10T08:08:45.1958423Z @polis/service-runtime:test            | ℹ fail 0
build · lint · test (ts + python)	Verify (build · typecheck · test · v1:smoke)	2026-08-10T08:08:45.1958801Z @polis/service-runtime:test            | ℹ cancelled 0
build · lint · test (ts + python)	Verify (build · typecheck · test · v1:smoke)	2026-08-10T08:08:45.1959177Z @polis/service-runtime:test            | ℹ skipped 0
build · lint · test (ts + python)	Verify (build · typecheck · test · v1:smoke)	2026-08-10T08:08:45.1959533Z @polis/service-runtime:test            | ℹ todo 0
build · lint · test (ts + python)	Verify (build · typecheck · test · v1:smoke)	2026-08-10T08:08:45.1960100Z @polis/service-runtime:test            | ℹ duration_ms 210.934378
build · lint · test (ts + python)	Verify (build · typecheck · test · v1:smoke)	2026-08-10T08:08:45.2002013Z @polis/service-runtime:test            | Done in 244ms
build · lint · test (ts + python)	Verify (build · typecheck · test · v1:smoke)	2026-08-10T08:08:45.6533198Z @polis/signature-service:test          | ✔ signature-service exposes §9.13 signature routes (0.794813ms)
build · lint · test (ts + python)	Verify (build · typecheck · test · v1:smoke)	2026-08-10T08:08:45.7077858Z @polis/signature-service:test          | ✔ signature-service rejects unauthenticated internal HTTP access (53.919435ms)
build · lint · test (ts + python)	Verify (build · typecheck · test · v1:smoke)	2026-08-10T08:08:45.7086823Z @polis/signature-service:test          | ✔ createSignerClient defaults to stub when SIGNATURE_MODE is unset (0.454117ms)
build · lint · test (ts + python)	Verify (build · typecheck · test · v1:smoke)	2026-08-10T08:08:45.7090605Z @polis/signature-service:test          | ✔ createSignerClient resolves SIGNATURE_MODE=stub to StubSignerClient (0.194554ms)
build · lint · test (ts + python)	Verify (build · typecheck · test · v1:smoke)	2026-08-10T08:08:45.7092764Z @polis/signature-service:test          | ✔ createSignerClient resolves SIGNATURE_MODE=real to DssSignerClient (committed dev cert, no network) (0.1782ms)
build · lint · test (ts + python)	Verify (build · typecheck · test · v1:smoke)	2026-08-10T08:08:45.7094424Z @polis/signature-service:test          | ✔ createSignerClient throws on an unsupported mode (0.372263ms)
build · lint · test (ts + python)	Verify (build · typecheck · test · v1:smoke)	2026-08-10T08:08:45.7421704Z @polis/signature-service:test          | ✔ DssSignerClient produces a real eIDAS-eSeal CMS signature that validates (43.549206ms)
build · lint · test (ts + python)	Verify (build · typecheck · test · v1:smoke)	2026-08-10T08:08:45.7713924Z @polis/signature-service:test          | ℹ tests 7
build · lint · test (ts + python)	Verify (build · typecheck · test · v1:smoke)	2026-08-10T08:08:45.7715010Z @polis/signature-service:test          | ℹ suites 0
build · lint · test (ts + python)	Verify (build · typecheck · test · v1:smoke)	2026-08-10T08:08:45.7718022Z @polis/signature-service:test          | ℹ pass 7
build · lint · test (ts + python)	Verify (build · typecheck · test · v1:smoke)	2026-08-10T08:08:45.7718612Z @polis/signature-service:test          | ℹ fail 0
build · lint · test (ts + python)	Verify (build · typecheck · test · v1:smoke)	2026-08-10T08:08:45.7719187Z @polis/signature-service:test          | ℹ cancelled 0
build · lint · test (ts + python)	Verify (build · typecheck · test · v1:smoke)	2026-08-10T08:08:45.7719777Z @polis/signature-service:test          | ℹ skipped 0
build · lint · test (ts + python)	Verify (build · typecheck · test · v1:smoke)	2026-08-10T08:08:45.7720854Z @polis/signature-service:test          | ℹ todo 0
build · lint · test (ts + python)	Verify (build · typecheck · test · v1:smoke)	2026-08-10T08:08:45.7721809Z @polis/signature-service:test          | ℹ duration_ms 546.223111
build · lint · test (ts + python)	Verify (build · typecheck · test · v1:smoke)	2026-08-10T08:08:45.7763627Z @polis/signature-service:test          | Done in 576ms
build · lint · test (ts + python)	Verify (build · typecheck · test · v1:smoke)	2026-08-10T08:08:46.2413189Z @polis/timestamp-service:test          | ✔ timestamp-service exposes §9.14 timestamp routes (0.823246ms)
build · lint · test (ts + python)	Verify (build · typecheck · test · v1:smoke)	2026-08-10T08:08:46.2797403Z @polis/timestamp-service:test          | ✔ timestamp-service rejects unauthenticated internal HTTP access (52.275497ms)
build · lint · test (ts + python)	Verify (build · typecheck · test · v1:smoke)	2026-08-10T08:08:46.2802019Z @polis/timestamp-service:test          | ✔ createTimestampClient defaults to stub when TIMESTAMP_MODE is unset (0.282818ms)
build · lint · test (ts + python)	Verify (build · typecheck · test · v1:smoke)	2026-08-10T08:08:46.2833106Z @polis/timestamp-service:test          | ✔ createTimestampClient resolves TIMESTAMP_MODE=stub to StubTimestampClient (0.163628ms)
build · lint · test (ts + python)	Verify (build · typecheck · test · v1:smoke)	2026-08-10T08:08:46.2834605Z @polis/timestamp-service:test          | ✔ Rfc3161TimestampClient ctor requires TSA_URL in real mode (0.466987ms)
build · lint · test (ts + python)	Verify (build · typecheck · test · v1:smoke)	2026-08-10T08:08:46.2836194Z @polis/timestamp-service:test          | ✔ createTimestampClient resolves TIMESTAMP_MODE=real to Rfc3161TimestampClient when TSA_URL is set (0.172891ms)
build · lint · test (ts + python)	Verify (build · typecheck · test · v1:smoke)	2026-08-10T08:08:46.2837728Z @polis/timestamp-service:test          | ✔ createTimestampClient throws on an unsupported mode (0.137558ms)
build · lint · test (ts + python)	Verify (build · typecheck · test · v1:smoke)	2026-08-10T08:08:46.3084992Z @polis/timestamp-service:test          | ℹ tests 7
build · lint · test (ts + python)	Verify (build · typecheck · test · v1:smoke)	2026-08-10T08:08:46.3085806Z @polis/timestamp-service:test          | ℹ suites 0
build · lint · test (ts + python)	Verify (build · typecheck · test · v1:smoke)	2026-08-10T08:08:46.3086903Z @polis/timestamp-service:test          | ℹ pass 7
build · lint · test (ts + python)	Verify (build · typecheck · test · v1:smoke)	2026-08-10T08:08:46.3087426Z @polis/timestamp-service:test          | ℹ fail 0
build · lint · test (ts + python)	Verify (build · typecheck · test · v1:smoke)	2026-08-10T08:08:46.3087941Z @polis/timestamp-service:test          | ℹ cancelled 0
build · lint · test (ts + python)	Verify (build · typecheck · test · v1:smoke)	2026-08-10T08:08:46.3088465Z @polis/timestamp-service:test          | ℹ skipped 0
build · lint · test (ts + python)	Verify (build · typecheck · test · v1:smoke)	2026-08-10T08:08:46.3088985Z @polis/timestamp-service:test          | ℹ todo 0
build · lint · test (ts + python)	Verify (build · typecheck · test · v1:smoke)	2026-08-10T08:08:46.3089501Z @polis/timestamp-service:test          | ℹ duration_ms 506.252324
build · lint · test (ts + python)	Verify (build · typecheck · test · v1:smoke)	2026-08-10T08:08:46.3155189Z @polis/timestamp-service:test          | Done in 539ms
build · lint · test (ts + python)	Verify (build · typecheck · test · v1:smoke)	2026-08-10T08:08:46.4338807Z @polis/ui:test                         | ✔ all spec-mandated astro components exist (1.02411ms)
build · lint · test (ts + python)	Verify (build · typecheck · test · v1:smoke)	2026-08-10T08:08:46.4393084Z @polis/ui:test                         | ✔ react verifier components exist (0.201916ms)
build · lint · test (ts + python)	Verify (build · typecheck · test · v1:smoke)	2026-08-10T08:08:46.4394384Z @polis/ui:test                         | ✔ stylesheets exist and define both themes (0.348578ms)
build · lint · test (ts + python)	Verify (build · typecheck · test · v1:smoke)	2026-08-10T08:08:46.4395646Z @polis/ui:test                         | ✔ package exports map covers styles, astro, react, and messages (0.205301ms)
build · lint · test (ts + python)	Verify (build · typecheck · test · v1:smoke)	2026-08-10T08:08:46.4397124Z @polis/ui:test                         | ✔ ui components never use tailwind utility classes (plain-CSS app compatibility) (0.722553ms)
build · lint · test (ts + python)	Verify (build · typecheck · test · v1:smoke)	2026-08-10T08:08:46.4465767Z @polis/ui:test                         | ✔ every verdict headline and explanation key exists in en (1.00455ms)
build · lint · test (ts + python)	Verify (build · typecheck · test · v1:smoke)	2026-08-10T08:08:46.4467332Z @polis/ui:test                         | ✔ mechanism and status labels exist in en (0.168415ms)
build · lint · test (ts + python)	Verify (build · typecheck · test · v1:smoke)	2026-08-10T08:08:46.4469855Z @polis/ui:test                         | ✔ every check labelKey producible by the verdict engine exists in en (0.196097ms)
build · lint · test (ts + python)	Verify (build · typecheck · test · v1:smoke)	2026-08-10T08:08:46.4470988Z @polis/ui:test                         | ✔ badge catalogs cover all confidence and review states (0.151179ms)
build · lint · test (ts + python)	Verify (build · typecheck · test · v1:smoke)	2026-08-10T08:08:46.4472153Z @polis/ui:test                         | ✔ hr keys are a subset of en keys (0.333665ms)
build · lint · test (ts + python)	Verify (build · typecheck · test · v1:smoke)	2026-08-10T08:08:46.4473158Z @polis/ui:test                         | ✔ t() falls back to English for missing hr keys (0.136146ms)
build · lint · test (ts + python)	Verify (build · typecheck · test · v1:smoke)	2026-08-10T08:08:46.4482535Z @polis/ui:test                         | ℹ tests 11
build · lint · test (ts + python)	Verify (build · typecheck · test · v1:smoke)	2026-08-10T08:08:46.4483135Z @polis/ui:test                         | ℹ suites 0
build · lint · test (ts + python)	Verify (build · typecheck · test · v1:smoke)	2026-08-10T08:08:46.4483677Z @polis/ui:test                         | ℹ pass 11
build · lint · test (ts + python)	Verify (build · typecheck · test · v1:smoke)	2026-08-10T08:08:46.4484103Z @polis/ui:test                         | ℹ fail 0
build · lint · test (ts + python)	Verify (build · typecheck · test · v1:smoke)	2026-08-10T08:08:46.4484468Z @polis/ui:test                         | ℹ cancelled 0
build · lint · test (ts + python)	Verify (build · typecheck · test · v1:smoke)	2026-08-10T08:08:46.4484830Z @polis/ui:test                         | ℹ skipped 0
build · lint · test (ts + python)	Verify (build · typecheck · test · v1:smoke)	2026-08-10T08:08:46.4485180Z @polis/ui:test                         | ℹ todo 0
build · lint · test (ts + python)	Verify (build · typecheck · test · v1:smoke)	2026-08-10T08:08:46.4485921Z @polis/ui:test                         | ℹ duration_ms 103.058269
build · lint · test (ts + python)	Verify (build · typecheck · test · v1:smoke)	2026-08-10T08:08:46.4545680Z @polis/ui:test                         | Done in 139ms
build · lint · test (ts + python)	Verify (build · typecheck · test · v1:smoke)	2026-08-10T08:08:46.8863313Z @polis/vc-issuer-service:test          | ✔ vc-issuer-service exposes operational and issuance routes (0.713119ms)
build · lint · test (ts + python)	Verify (build · typecheck · test · v1:smoke)	2026-08-10T08:08:46.9449402Z @polis/vc-issuer-service:test          | ✔ vc-issuer-service guards internal routes while operational routes stay open (68.364944ms)
build · lint · test (ts + python)	Verify (build · typecheck · test · v1:smoke)	2026-08-10T08:08:47.0060891Z @polis/vc-issuer-service:test          | ℹ tests 2
build · lint · test (ts + python)	Verify (build · typecheck · test · v1:smoke)	2026-08-10T08:08:47.0062206Z @polis/vc-issuer-service:test          | ℹ suites 0
build · lint · test (ts + python)	Verify (build · typecheck · test · v1:smoke)	2026-08-10T08:08:47.0063143Z @polis/vc-issuer-service:test          | ℹ pass 2
build · lint · test (ts + python)	Verify (build · typecheck · test · v1:smoke)	2026-08-10T08:08:47.0063941Z @polis/vc-issuer-service:test          | ℹ fail 0
build · lint · test (ts + python)	Verify (build · typecheck · test · v1:smoke)	2026-08-10T08:08:47.0064662Z @polis/vc-issuer-service:test          | ℹ cancelled 0
build · lint · test (ts + python)	Verify (build · typecheck · test · v1:smoke)	2026-08-10T08:08:47.0065384Z @polis/vc-issuer-service:test          | ℹ skipped 0
build · lint · test (ts + python)	Verify (build · typecheck · test · v1:smoke)	2026-08-10T08:08:47.0066116Z @polis/vc-issuer-service:test          | ℹ todo 0
build · lint · test (ts + python)	Verify (build · typecheck · test · v1:smoke)	2026-08-10T08:08:47.0066748Z @polis/vc-issuer-service:test          | ℹ duration_ms 525.504329
build · lint · test (ts + python)	Verify (build · typecheck · test · v1:smoke)	2026-08-10T08:08:47.0108576Z @polis/vc-issuer-service:test          | Done in 556ms
build · lint · test (ts + python)	Verify (build · typecheck · test · v1:smoke)	2026-08-10T08:08:47.0139405Z $ bun scripts/v1-smoke.mjs
build · lint · test (ts + python)	Verify (build · typecheck · test · v1:smoke)	2026-08-10T08:08:47.4589828Z {"service":"platform-api","stage":"db-migrate","warning":"DATABASE_URL is required"}
build · lint · test (ts + python)	Verify (build · typecheck · test · v1:smoke)	2026-08-10T08:08:47.4601122Z {"service":"platform-api","port":8080,"status":"listening"}
build · lint · test (ts + python)	Verify (build · typecheck · test · v1:smoke)	2026-08-10T08:08:47.7298478Z [v1-smoke] checking §23 contract…
build · lint · test (ts + python)	Verify (build · typecheck · test · v1:smoke)	2026-08-10T08:08:47.7307280Z   ok  GET /healthz → status=ok
build · lint · test (ts + python)	Verify (build · typecheck · test · v1:smoke)	2026-08-10T08:08:47.7313026Z   ok  document-signing-service GET /healthz → status=ok
build · lint · test (ts + python)	Verify (build · typecheck · test · v1:smoke)	2026-08-10T08:08:47.7316791Z   ok  GET /version → version present
build · lint · test (ts + python)	Verify (build · typecheck · test · v1:smoke)	2026-08-10T08:08:47.7317461Z   ok  GET /version → gitSha present
build · lint · test (ts + python)	Verify (build · typecheck · test · v1:smoke)	2026-08-10T08:08:47.7327422Z   ok  POST /api/v1/verify/hash route present + proxied (502 bad_gateway in hermetic smoke)
build · lint · test (ts + python)	Verify (build · typecheck · test · v1:smoke)	2026-08-10T08:08:47.7328057Z [v1-smoke] all checks passed
build · lint · test (ts + python)	Python ruff	﻿2026-08-10T08:08:49.7424249Z ##[group]Run uv run ruff check .
build · lint · test (ts + python)	Python ruff	2026-08-10T08:08:49.7424541Z ^[[36;1muv run ruff check .^[[0m
build · lint · test (ts + python)	Python ruff	2026-08-10T08:08:49.7464893Z shell: /usr/bin/bash -e {0}
build · lint · test (ts + python)	Python ruff	2026-08-10T08:08:49.7465109Z env:
build · lint · test (ts + python)	Python ruff	2026-08-10T08:08:49.7465329Z   pythonLocation: /opt/hostedtoolcache/Python/3.12.13/x64
build · lint · test (ts + python)	Python ruff	2026-08-10T08:08:49.7465712Z   PKG_CONFIG_PATH: /opt/hostedtoolcache/Python/3.12.13/x64/lib/pkgconfig
build · lint · test (ts + python)	Python ruff	2026-08-10T08:08:49.7466080Z   Python_ROOT_DIR: /opt/hostedtoolcache/Python/3.12.13/x64
build · lint · test (ts + python)	Python ruff	2026-08-10T08:08:49.7466404Z   Python2_ROOT_DIR: /opt/hostedtoolcache/Python/3.12.13/x64
build · lint · test (ts + python)	Python ruff	2026-08-10T08:08:49.7466744Z   Python3_ROOT_DIR: /opt/hostedtoolcache/Python/3.12.13/x64
build · lint · test (ts + python)	Python ruff	2026-08-10T08:08:49.7467080Z   LD_LIBRARY_PATH: /opt/hostedtoolcache/Python/3.12.13/x64/lib
build · lint · test (ts + python)	Python ruff	2026-08-10T08:08:49.7467366Z ##[endgroup]
build · lint · test (ts + python)	Python ruff	2026-08-10T08:08:49.8126479Z All checks passed!
build · lint · test (ts + python)	Python pytest	﻿2026-08-10T08:08:49.8166484Z ##[group]Run uv run pytest
build · lint · test (ts + python)	Python pytest	2026-08-10T08:08:49.8166724Z ^[[36;1muv run pytest^[[0m
build · lint · test (ts + python)	Python pytest	2026-08-10T08:08:49.8206006Z shell: /usr/bin/bash -e {0}
build · lint · test (ts + python)	Python pytest	2026-08-10T08:08:49.8206215Z env:
build · lint · test (ts + python)	Python pytest	2026-08-10T08:08:49.8206447Z   pythonLocation: /opt/hostedtoolcache/Python/3.12.13/x64
build · lint · test (ts + python)	Python pytest	2026-08-10T08:08:49.8206791Z   PKG_CONFIG_PATH: /opt/hostedtoolcache/Python/3.12.13/x64/lib/pkgconfig
build · lint · test (ts + python)	Python pytest	2026-08-10T08:08:49.8207124Z   Python_ROOT_DIR: /opt/hostedtoolcache/Python/3.12.13/x64
build · lint · test (ts + python)	Python pytest	2026-08-10T08:08:49.8207422Z   Python2_ROOT_DIR: /opt/hostedtoolcache/Python/3.12.13/x64
build · lint · test (ts + python)	Python pytest	2026-08-10T08:08:49.8207716Z   Python3_ROOT_DIR: /opt/hostedtoolcache/Python/3.12.13/x64
build · lint · test (ts + python)	Python pytest	2026-08-10T08:08:49.8208004Z   LD_LIBRARY_PATH: /opt/hostedtoolcache/Python/3.12.13/x64/lib
build · lint · test (ts + python)	Python pytest	2026-08-10T08:08:49.8208260Z ##[endgroup]
build · lint · test (ts + python)	Python pytest	2026-08-10T08:08:52.0445461Z ============================= test session starts ==============================
build · lint · test (ts + python)	Python pytest	2026-08-10T08:08:52.0446215Z platform linux -- Python 3.12.13, pytest-9.1.1, pluggy-1.6.0
build · lint · test (ts + python)	Python pytest	2026-08-10T08:08:52.0446747Z rootdir: /home/runner/work/polis/polis
build · lint · test (ts + python)	Python pytest	2026-08-10T08:08:52.0447207Z configfile: pyproject.toml
build · lint · test (ts + python)	Python pytest	2026-08-10T08:08:52.0447539Z testpaths: packages, services
build · lint · test (ts + python)	Python pytest	2026-08-10T08:08:52.0447920Z plugins: asyncio-1.4.0, anyio-4.14.0
build · lint · test (ts + python)	Python pytest	2026-08-10T08:08:52.0449018Z asyncio: mode=Mode.AUTO, debug=False, asyncio_default_fixture_loop_scope=None, asyncio_default_test_loop_scope=function
build · lint · test (ts + python)	Python pytest	2026-08-10T08:08:52.0449717Z collected 51 items
build · lint · test (ts + python)	Python pytest	2026-08-10T08:08:52.0449876Z 
build · lint · test (ts + python)	Python pytest	2026-08-10T08:08:52.0485730Z packages/py-core/tests/test_ai.py .......                                [ 13%]
build · lint · test (ts + python)	Python pytest	2026-08-10T08:08:52.0511820Z packages/py-core/tests/test_core.py .....                                [ 23%]
build · lint · test (ts + python)	Python pytest	2026-08-10T08:08:52.0537069Z services/ai-gateway/tests/test_audit.py ...                              [ 29%]
build · lint · test (ts + python)	Python pytest	2026-08-10T08:08:53.4930950Z services/ai-gateway/tests/test_gateway.py .............................. [ 88%]
build · lint · test (ts + python)	Python pytest	2026-08-10T08:08:53.5393754Z ...ss.                                                                   [100%]
build · lint · test (ts + python)	Python pytest	2026-08-10T08:08:53.5394135Z 
build · lint · test (ts + python)	Python pytest	2026-08-10T08:08:53.5394409Z =============================== warnings summary ===============================
build · lint · test (ts + python)	Python pytest	2026-08-10T08:08:53.5395038Z .venv/lib/python3.12/site-packages/fastapi/testclient.py:1
build · lint · test (ts + python)	Python pytest	2026-08-10T08:08:53.5396315Z   /home/runner/work/polis/polis/.venv/lib/python3.12/site-packages/fastapi/testclient.py:1: StarletteDeprecationWarning: Using `httpx` with `starlette.testclient` is deprecated; install `httpx2` instead.
build · lint · test (ts + python)	Python pytest	2026-08-10T08:08:53.5397477Z     from starlette.testclient import TestClient as TestClient  # noqa
build · lint · test (ts + python)	Python pytest	2026-08-10T08:08:53.5397809Z 
build · lint · test (ts + python)	Python pytest	2026-08-10T08:08:53.5398151Z -- Docs: https://docs.pytest.org/en/stable/how-to/capture-warnings.html
build · lint · test (ts + python)	Python pytest	2026-08-10T08:08:53.5398787Z =================== 49 passed, 2 skipped, 1 warning in 2.54s ===================
build · lint · test (ts + python)	Post Run actions/setup-python@5fda3b95a4ea91299a34e894583c3862153e4b97	﻿2026-08-10T08:08:53.6233396Z Post job cleanup.
build · lint · test (ts + python)	Post Run actions/setup-node@820762786026740c76f36085b0efc47a31fe5020	﻿2026-08-10T08:08:53.7254482Z Post job cleanup.
build · lint · test (ts + python)	Post Run oven-sh/setup-bun@0c5077e51419868618aeaa5fe8019c62421857d6	﻿2026-08-10T08:08:53.8295053Z Post job cleanup.
build · lint · test (ts + python)	Post Run actions/checkout@3d3c42e5aac5ba805825da76410c181273ba90b1	﻿2026-08-10T08:08:53.9931523Z Post job cleanup.
build · lint · test (ts + python)	Post Run actions/checkout@3d3c42e5aac5ba805825da76410c181273ba90b1	2026-08-10T08:08:54.0625140Z [command]/usr/bin/git version
build · lint · test (ts + python)	Post Run actions/checkout@3d3c42e5aac5ba805825da76410c181273ba90b1	2026-08-10T08:08:54.0661608Z git version 2.54.0
build · lint · test (ts + python)	Post Run actions/checkout@3d3c42e5aac5ba805825da76410c181273ba90b1	2026-08-10T08:08:54.0699535Z Temporarily overriding HOME='/home/runner/work/_temp/1befc598-f8bc-4039-8174-3d227c0a7259' before making global git config changes
build · lint · test (ts + python)	Post Run actions/checkout@3d3c42e5aac5ba805825da76410c181273ba90b1	2026-08-10T08:08:54.0700765Z Adding repository directory to the temporary git global config as a safe directory
build · lint · test (ts + python)	Post Run actions/checkout@3d3c42e5aac5ba805825da76410c181273ba90b1	2026-08-10T08:08:54.0702345Z [command]/usr/bin/git config --global --add safe.directory /home/runner/work/polis/polis
build · lint · test (ts + python)	Post Run actions/checkout@3d3c42e5aac5ba805825da76410c181273ba90b1	2026-08-10T08:08:54.0730755Z Removing SSH command configuration
build · lint · test (ts + python)	Post Run actions/checkout@3d3c42e5aac5ba805825da76410c181273ba90b1	2026-08-10T08:08:54.0736726Z [command]/usr/bin/git config --local --name-only --get-regexp core\.sshCommand
build · lint · test (ts + python)	Post Run actions/checkout@3d3c42e5aac5ba805825da76410c181273ba90b1	2026-08-10T08:08:54.0769321Z [command]/usr/bin/git submodule foreach --recursive sh -c "git config --local --name-only --get-regexp 'core\.sshCommand' && git config --local --unset-all 'core.sshCommand' || :"
build · lint · test (ts + python)	Post Run actions/checkout@3d3c42e5aac5ba805825da76410c181273ba90b1	2026-08-10T08:08:54.0979870Z Removing HTTP extra header
build · lint · test (ts + python)	Post Run actions/checkout@3d3c42e5aac5ba805825da76410c181273ba90b1	2026-08-10T08:08:54.0985567Z [command]/usr/bin/git config --local --name-only --get-regexp http\.https\:\/\/github\.com\/\.extraheader
build · lint · test (ts + python)	Post Run actions/checkout@3d3c42e5aac5ba805825da76410c181273ba90b1	2026-08-10T08:08:54.1023453Z [command]/usr/bin/git submodule foreach --recursive sh -c "git config --local --name-only --get-regexp 'http\.https\:\/\/github\.com\/\.extraheader' && git config --local --unset-all 'http.https://github.com/.extraheader' || :"
build · lint · test (ts + python)	Post Run actions/checkout@3d3c42e5aac5ba805825da76410c181273ba90b1	2026-08-10T08:08:54.1228375Z Removing includeIf entries pointing to credentials config files
build · lint · test (ts + python)	Post Run actions/checkout@3d3c42e5aac5ba805825da76410c181273ba90b1	2026-08-10T08:08:54.1252397Z [command]/usr/bin/git config --local --name-only --get-regexp ^includeIf\.gitdir:
build · lint · test (ts + python)	Post Run actions/checkout@3d3c42e5aac5ba805825da76410c181273ba90b1	2026-08-10T08:08:54.1281911Z includeif.gitdir:/home/runner/work/polis/polis/.git.path
build · lint · test (ts + python)	Post Run actions/checkout@3d3c42e5aac5ba805825da76410c181273ba90b1	2026-08-10T08:08:54.1282581Z includeif.gitdir:/home/runner/work/polis/polis/.git/worktrees/*.path
build · lint · test (ts + python)	Post Run actions/checkout@3d3c42e5aac5ba805825da76410c181273ba90b1	2026-08-10T08:08:54.1283148Z includeif.gitdir:/github/workspace/.git.path
build · lint · test (ts + python)	Post Run actions/checkout@3d3c42e5aac5ba805825da76410c181273ba90b1	2026-08-10T08:08:54.1283627Z includeif.gitdir:/github/workspace/.git/worktrees/*.path
build · lint · test (ts + python)	Post Run actions/checkout@3d3c42e5aac5ba805825da76410c181273ba90b1	2026-08-10T08:08:54.1284831Z [command]/usr/bin/git config --local --get-all includeif.gitdir:/home/runner/work/polis/polis/.git.path
build · lint · test (ts + python)	Post Run actions/checkout@3d3c42e5aac5ba805825da76410c181273ba90b1	2026-08-10T08:08:54.1299327Z /home/runner/work/_temp/git-credentials-144ca6df-194f-4cf7-bfc5-94ba14cb6d98.config
build · lint · test (ts + python)	Post Run actions/checkout@3d3c42e5aac5ba805825da76410c181273ba90b1	2026-08-10T08:08:54.1300577Z [command]/usr/bin/git config --local --unset includeif.gitdir:/home/runner/work/polis/polis/.git.path \/home\/runner\/work\/_temp\/git\-credentials\-144ca6df\-194f\-4cf7\-bfc5\-94ba14cb6d98\.config
build · lint · test (ts + python)	Post Run actions/checkout@3d3c42e5aac5ba805825da76410c181273ba90b1	2026-08-10T08:08:54.1332642Z [command]/usr/bin/git config --local --get-all includeif.gitdir:/home/runner/work/polis/polis/.git/worktrees/*.path
build · lint · test (ts + python)	Post Run actions/checkout@3d3c42e5aac5ba805825da76410c181273ba90b1	2026-08-10T08:08:54.1366713Z /home/runner/work/_temp/git-credentials-144ca6df-194f-4cf7-bfc5-94ba14cb6d98.config
build · lint · test (ts + python)	Post Run actions/checkout@3d3c42e5aac5ba805825da76410c181273ba90b1	2026-08-10T08:08:54.1372763Z [command]/usr/bin/git config --local --unset includeif.gitdir:/home/runner/work/polis/polis/.git/worktrees/*.path \/home\/runner\/work\/_temp\/git\-credentials\-144ca6df\-194f\-4cf7\-bfc5\-94ba14cb6d98\.config
build · lint · test (ts + python)	Post Run actions/checkout@3d3c42e5aac5ba805825da76410c181273ba90b1	2026-08-10T08:08:54.1406755Z [command]/usr/bin/git config --local --get-all includeif.gitdir:/github/workspace/.git.path
build · lint · test (ts + python)	Post Run actions/checkout@3d3c42e5aac5ba805825da76410c181273ba90b1	2026-08-10T08:08:54.1431424Z /github/runner_temp/git-credentials-144ca6df-194f-4cf7-bfc5-94ba14cb6d98.config
build · lint · test (ts + python)	Post Run actions/checkout@3d3c42e5aac5ba805825da76410c181273ba90b1	2026-08-10T08:08:54.1437972Z [command]/usr/bin/git config --local --unset includeif.gitdir:/github/workspace/.git.path \/github\/runner_temp\/git\-credentials\-144ca6df\-194f\-4cf7\-bfc5\-94ba14cb6d98\.config
build · lint · test (ts + python)	Post Run actions/checkout@3d3c42e5aac5ba805825da76410c181273ba90b1	2026-08-10T08:08:54.1467155Z [command]/usr/bin/git config --local --get-all includeif.gitdir:/github/workspace/.git/worktrees/*.path
build · lint · test (ts + python)	Post Run actions/checkout@3d3c42e5aac5ba805825da76410c181273ba90b1	2026-08-10T08:08:54.1489177Z /github/runner_temp/git-credentials-144ca6df-194f-4cf7-bfc5-94ba14cb6d98.config
build · lint · test (ts + python)	Post Run actions/checkout@3d3c42e5aac5ba805825da76410c181273ba90b1	2026-08-10T08:08:54.1496319Z [command]/usr/bin/git config --local --unset includeif.gitdir:/github/workspace/.git/worktrees/*.path \/github\/runner_temp\/git\-credentials\-144ca6df\-194f\-4cf7\-bfc5\-94ba14cb6d98\.config
build · lint · test (ts + python)	Post Run actions/checkout@3d3c42e5aac5ba805825da76410c181273ba90b1	2026-08-10T08:08:54.1526821Z [command]/usr/bin/git submodule foreach --recursive git config --local --show-origin --name-only --get-regexp remote.origin.url
build · lint · test (ts + python)	Post Run actions/checkout@3d3c42e5aac5ba805825da76410c181273ba90b1	2026-08-10T08:08:54.1714433Z Removing credentials config '/home/runner/work/_temp/git-credentials-144ca6df-194f-4cf7-bfc5-94ba14cb6d98.config'
build · lint · test (ts + python)	Complete job	﻿2026-08-10T08:08:54.1837693Z Cleaning up orphan processes
dependency + secret scan	Set up job	﻿2026-08-10T08:07:20.3775498Z Current runner version: '2.336.0'
dependency + secret scan	Set up job	2026-08-10T08:07:20.3801425Z ##[group]Runner Image Provisioner
dependency + secret scan	Set up job	2026-08-10T08:07:20.3802409Z Hosted Compute Agent
dependency + secret scan	Set up job	2026-08-10T08:07:20.3803055Z Version: 20260707.563
dependency + secret scan	Set up job	2026-08-10T08:07:20.3803674Z Commit: 02667638d2b423fbc733a8e32a88b44996a3ba6e
dependency + secret scan	Set up job	2026-08-10T08:07:20.3804450Z Build Date: 2026-07-07T19:33:50Z
dependency + secret scan	Set up job	2026-08-10T08:07:20.3805129Z Worker ID: {15893343-bc3c-4b20-8080-cdd4f30640f3}
dependency + secret scan	Set up job	2026-08-10T08:07:20.3805809Z Azure Region: westus2
dependency + secret scan	Set up job	2026-08-10T08:07:20.3806437Z ##[endgroup]
dependency + secret scan	Set up job	2026-08-10T08:07:20.3808242Z ##[group]Operating System
dependency + secret scan	Set up job	2026-08-10T08:07:20.3808962Z Ubuntu
dependency + secret scan	Set up job	2026-08-10T08:07:20.3809509Z 24.04.4
dependency + secret scan	Set up job	2026-08-10T08:07:20.3810023Z LTS
dependency + secret scan	Set up job	2026-08-10T08:07:20.3810579Z ##[endgroup]
dependency + secret scan	Set up job	2026-08-10T08:07:20.3811164Z ##[group]Runner Image
dependency + secret scan	Set up job	2026-08-10T08:07:20.3811742Z Image: ubuntu-24.04
dependency + secret scan	Set up job	2026-08-10T08:07:20.3812369Z Version: 20260720.247.2
dependency + secret scan	Set up job	2026-08-10T08:07:20.3813453Z Included Software: https://github.com/actions/runner-images/blob/ubuntu24/20260720.247/images/ubuntu/Ubuntu2404-Readme.md
dependency + secret scan	Set up job	2026-08-10T08:07:20.3815199Z Image Release: https://github.com/actions/runner-images/releases/tag/ubuntu24%2F20260720.247
dependency + secret scan	Set up job	2026-08-10T08:07:20.3816184Z ##[endgroup]
dependency + secret scan	Set up job	2026-08-10T08:07:20.3817815Z ##[group]GITHUB_TOKEN Permissions
dependency + secret scan	Set up job	2026-08-10T08:07:20.3819687Z Contents: read
dependency + secret scan	Set up job	2026-08-10T08:07:20.3820435Z Metadata: read
dependency + secret scan	Set up job	2026-08-10T08:07:20.3821033Z SecurityEvents: write
dependency + secret scan	Set up job	2026-08-10T08:07:20.3821960Z ##[endgroup]
dependency + secret scan	Set up job	2026-08-10T08:07:20.3824103Z Secret source: Actions
dependency + secret scan	Set up job	2026-08-10T08:07:20.3825178Z Prepare workflow directory
dependency + secret scan	Set up job	2026-08-10T08:07:20.4163526Z Prepare all required actions
dependency + secret scan	Set up job	2026-08-10T08:07:20.4213292Z Getting action download info
dependency + secret scan	Set up job	2026-08-10T08:07:20.7851218Z Download action repository 'actions/checkout@3d3c42e5aac5ba805825da76410c181273ba90b1' (SHA:3d3c42e5aac5ba805825da76410c181273ba90b1)
dependency + secret scan	Set up job	2026-08-10T08:07:21.0574137Z Download action repository 'google/osv-scanner-action@98b584ee2ed2da3935ccce10e06739d54cdcd20b' (SHA:98b584ee2ed2da3935ccce10e06739d54cdcd20b)
dependency + secret scan	Set up job	2026-08-10T08:07:21.2540303Z Download action repository 'gitleaks/gitleaks-action@e0c47f4f8be36e29cdc102c57e68cb5cbf0e8d1e' (SHA:e0c47f4f8be36e29cdc102c57e68cb5cbf0e8d1e)
dependency + secret scan	Set up job	2026-08-10T08:07:21.5343334Z Complete job name: dependency + secret scan
dependency + secret scan	Pull ghcr.io/google/osv-scanner-action:v2.0.0	﻿2026-08-10T08:07:21.5893535Z ##[group]Pull down action image 'ghcr.io/google/osv-scanner-action:v2.0.0'
dependency + secret scan	Pull ghcr.io/google/osv-scanner-action:v2.0.0	2026-08-10T08:07:21.5951478Z ##[command]/usr/bin/docker pull ghcr.io/google/osv-scanner-action:v2.0.0
dependency + secret scan	Pull ghcr.io/google/osv-scanner-action:v2.0.0	2026-08-10T08:07:22.1339629Z v2.0.0: Pulling from google/osv-scanner-action
dependency + secret scan	Pull ghcr.io/google/osv-scanner-action:v2.0.0	2026-08-10T08:07:22.1340920Z f18232174bc9: Pulling fs layer
dependency + secret scan	Pull ghcr.io/google/osv-scanner-action:v2.0.0	2026-08-10T08:07:22.1341596Z 63708bd5d911: Pulling fs layer
dependency + secret scan	Pull ghcr.io/google/osv-scanner-action:v2.0.0	2026-08-10T08:07:22.1342234Z eed137c3c936: Pulling fs layer
dependency + secret scan	Pull ghcr.io/google/osv-scanner-action:v2.0.0	2026-08-10T08:07:22.1342870Z 4f4fb700ef54: Pulling fs layer
dependency + secret scan	Pull ghcr.io/google/osv-scanner-action:v2.0.0	2026-08-10T08:07:22.1343514Z d0ff262b14e7: Pulling fs layer
dependency + secret scan	Pull ghcr.io/google/osv-scanner-action:v2.0.0	2026-08-10T08:07:22.1344426Z 1167d4513f53: Pulling fs layer
dependency + secret scan	Pull ghcr.io/google/osv-scanner-action:v2.0.0	2026-08-10T08:07:22.1345661Z 31a25636dba0: Pulling fs layer
dependency + secret scan	Pull ghcr.io/google/osv-scanner-action:v2.0.0	2026-08-10T08:07:22.1346584Z 4f4fb700ef54: Waiting
dependency + secret scan	Pull ghcr.io/google/osv-scanner-action:v2.0.0	2026-08-10T08:07:22.1347696Z d0ff262b14e7: Waiting
dependency + secret scan	Pull ghcr.io/google/osv-scanner-action:v2.0.0	2026-08-10T08:07:22.1348320Z 31a25636dba0: Waiting
dependency + secret scan	Pull ghcr.io/google/osv-scanner-action:v2.0.0	2026-08-10T08:07:22.1348942Z 1167d4513f53: Waiting
dependency + secret scan	Pull ghcr.io/google/osv-scanner-action:v2.0.0	2026-08-10T08:07:22.2681288Z eed137c3c936: Download complete
dependency + secret scan	Pull ghcr.io/google/osv-scanner-action:v2.0.0	2026-08-10T08:07:22.3364449Z f18232174bc9: Verifying Checksum
dependency + secret scan	Pull ghcr.io/google/osv-scanner-action:v2.0.0	2026-08-10T08:07:22.3366149Z f18232174bc9: Download complete
dependency + secret scan	Pull ghcr.io/google/osv-scanner-action:v2.0.0	2026-08-10T08:07:22.4193150Z 4f4fb700ef54: Verifying Checksum
dependency + secret scan	Pull ghcr.io/google/osv-scanner-action:v2.0.0	2026-08-10T08:07:22.4197677Z 4f4fb700ef54: Download complete
dependency + secret scan	Pull ghcr.io/google/osv-scanner-action:v2.0.0	2026-08-10T08:07:22.5035540Z f18232174bc9: Pull complete
dependency + secret scan	Pull ghcr.io/google/osv-scanner-action:v2.0.0	2026-08-10T08:07:22.5636173Z d0ff262b14e7: Verifying Checksum
dependency + secret scan	Pull ghcr.io/google/osv-scanner-action:v2.0.0	2026-08-10T08:07:22.5638937Z d0ff262b14e7: Download complete
dependency + secret scan	Pull ghcr.io/google/osv-scanner-action:v2.0.0	2026-08-10T08:07:22.6465145Z 1167d4513f53: Verifying Checksum
dependency + secret scan	Pull ghcr.io/google/osv-scanner-action:v2.0.0	2026-08-10T08:07:22.6467294Z 1167d4513f53: Download complete
dependency + secret scan	Pull ghcr.io/google/osv-scanner-action:v2.0.0	2026-08-10T08:07:22.6898649Z 31a25636dba0: Verifying Checksum
dependency + secret scan	Pull ghcr.io/google/osv-scanner-action:v2.0.0	2026-08-10T08:07:22.6901172Z 31a25636dba0: Download complete
dependency + secret scan	Pull ghcr.io/google/osv-scanner-action:v2.0.0	2026-08-10T08:07:22.7770069Z 63708bd5d911: Verifying Checksum
dependency + secret scan	Pull ghcr.io/google/osv-scanner-action:v2.0.0	2026-08-10T08:07:22.7771349Z 63708bd5d911: Download complete
dependency + secret scan	Pull ghcr.io/google/osv-scanner-action:v2.0.0	2026-08-10T08:07:27.0062147Z 63708bd5d911: Pull complete
dependency + secret scan	Pull ghcr.io/google/osv-scanner-action:v2.0.0	2026-08-10T08:07:27.0203531Z eed137c3c936: Pull complete
dependency + secret scan	Pull ghcr.io/google/osv-scanner-action:v2.0.0	2026-08-10T08:07:27.0311640Z 4f4fb700ef54: Pull complete
dependency + secret scan	Pull ghcr.io/google/osv-scanner-action:v2.0.0	2026-08-10T08:07:27.2413488Z d0ff262b14e7: Pull complete
dependency + secret scan	Pull ghcr.io/google/osv-scanner-action:v2.0.0	2026-08-10T08:07:27.3934195Z 1167d4513f53: Pull complete
dependency + secret scan	Pull ghcr.io/google/osv-scanner-action:v2.0.0	2026-08-10T08:07:27.4045553Z 31a25636dba0: Pull complete
dependency + secret scan	Pull ghcr.io/google/osv-scanner-action:v2.0.0	2026-08-10T08:07:27.4084003Z Digest: sha256:09c853040db9f1db2ab178fdac964608dbecf40d07f2c882c6fdad9c6015283a
dependency + secret scan	Pull ghcr.io/google/osv-scanner-action:v2.0.0	2026-08-10T08:07:27.4098089Z Status: Downloaded newer image for ghcr.io/google/osv-scanner-action:v2.0.0
dependency + secret scan	Pull ghcr.io/google/osv-scanner-action:v2.0.0	2026-08-10T08:07:27.4108107Z ghcr.io/google/osv-scanner-action:v2.0.0
dependency + secret scan	Pull ghcr.io/google/osv-scanner-action:v2.0.0	2026-08-10T08:07:27.4131963Z ##[endgroup]
dependency + secret scan	Run actions/checkout@3d3c42e5aac5ba805825da76410c181273ba90b1	﻿2026-08-10T08:07:27.4463795Z ##[group]Run actions/checkout@3d3c42e5aac5ba805825da76410c181273ba90b1
dependency + secret scan	Run actions/checkout@3d3c42e5aac5ba805825da76410c181273ba90b1	2026-08-10T08:07:27.4464801Z with:
dependency + secret scan	Run actions/checkout@3d3c42e5aac5ba805825da76410c181273ba90b1	2026-08-10T08:07:27.4465180Z   fetch-depth: 0
dependency + secret scan	Run actions/checkout@3d3c42e5aac5ba805825da76410c181273ba90b1	2026-08-10T08:07:27.4465529Z   repository: basicalex/polis
dependency + secret scan	Run actions/checkout@3d3c42e5aac5ba805825da76410c181273ba90b1	2026-08-10T08:07:27.4468526Z   token: ***
dependency + secret scan	Run actions/checkout@3d3c42e5aac5ba805825da76410c181273ba90b1	2026-08-10T08:07:27.4468917Z   ssh-strict: true
dependency + secret scan	Run actions/checkout@3d3c42e5aac5ba805825da76410c181273ba90b1	2026-08-10T08:07:27.4469335Z   ssh-user: git
dependency + secret scan	Run actions/checkout@3d3c42e5aac5ba805825da76410c181273ba90b1	2026-08-10T08:07:27.4469694Z   persist-credentials: true
dependency + secret scan	Run actions/checkout@3d3c42e5aac5ba805825da76410c181273ba90b1	2026-08-10T08:07:27.4470088Z   clean: true
dependency + secret scan	Run actions/checkout@3d3c42e5aac5ba805825da76410c181273ba90b1	2026-08-10T08:07:27.4470523Z   sparse-checkout-cone-mode: true
dependency + secret scan	Run actions/checkout@3d3c42e5aac5ba805825da76410c181273ba90b1	2026-08-10T08:07:27.4470920Z   fetch-tags: false
dependency + secret scan	Run actions/checkout@3d3c42e5aac5ba805825da76410c181273ba90b1	2026-08-10T08:07:27.4471296Z   show-progress: true
dependency + secret scan	Run actions/checkout@3d3c42e5aac5ba805825da76410c181273ba90b1	2026-08-10T08:07:27.4471650Z   lfs: false
dependency + secret scan	Run actions/checkout@3d3c42e5aac5ba805825da76410c181273ba90b1	2026-08-10T08:07:27.4472011Z   submodules: false
dependency + secret scan	Run actions/checkout@3d3c42e5aac5ba805825da76410c181273ba90b1	2026-08-10T08:07:27.4472400Z   set-safe-directory: true
dependency + secret scan	Run actions/checkout@3d3c42e5aac5ba805825da76410c181273ba90b1	2026-08-10T08:07:27.4472781Z   allow-unsafe-pr-checkout: false
dependency + secret scan	Run actions/checkout@3d3c42e5aac5ba805825da76410c181273ba90b1	2026-08-10T08:07:27.4473507Z ##[endgroup]
dependency + secret scan	Run actions/checkout@3d3c42e5aac5ba805825da76410c181273ba90b1	2026-08-10T08:07:27.5492637Z Syncing repository: basicalex/polis
dependency + secret scan	Run actions/checkout@3d3c42e5aac5ba805825da76410c181273ba90b1	2026-08-10T08:07:27.5494942Z ##[group]Getting Git version info
dependency + secret scan	Run actions/checkout@3d3c42e5aac5ba805825da76410c181273ba90b1	2026-08-10T08:07:27.5495624Z Working directory is '/home/runner/work/polis/polis'
dependency + secret scan	Run actions/checkout@3d3c42e5aac5ba805825da76410c181273ba90b1	2026-08-10T08:07:27.5496652Z [command]/usr/bin/git version
dependency + secret scan	Run actions/checkout@3d3c42e5aac5ba805825da76410c181273ba90b1	2026-08-10T08:07:27.5549775Z git version 2.54.0
dependency + secret scan	Run actions/checkout@3d3c42e5aac5ba805825da76410c181273ba90b1	2026-08-10T08:07:27.5573756Z ##[endgroup]
dependency + secret scan	Run actions/checkout@3d3c42e5aac5ba805825da76410c181273ba90b1	2026-08-10T08:07:27.5585460Z Temporarily overriding HOME='/home/runner/work/_temp/4ee8fe13-0384-4d2c-bc61-9efca95f315f' before making global git config changes
dependency + secret scan	Run actions/checkout@3d3c42e5aac5ba805825da76410c181273ba90b1	2026-08-10T08:07:27.5587428Z Adding repository directory to the temporary git global config as a safe directory
dependency + secret scan	Run actions/checkout@3d3c42e5aac5ba805825da76410c181273ba90b1	2026-08-10T08:07:27.5591010Z [command]/usr/bin/git config --global --add safe.directory /home/runner/work/polis/polis
dependency + secret scan	Run actions/checkout@3d3c42e5aac5ba805825da76410c181273ba90b1	2026-08-10T08:07:27.5644106Z Deleting the contents of '/home/runner/work/polis/polis'
dependency + secret scan	Run actions/checkout@3d3c42e5aac5ba805825da76410c181273ba90b1	2026-08-10T08:07:27.5646489Z ##[group]Determining repository object format
dependency + secret scan	Run actions/checkout@3d3c42e5aac5ba805825da76410c181273ba90b1	2026-08-10T08:07:27.5653664Z ##[endgroup]
dependency + secret scan	Run actions/checkout@3d3c42e5aac5ba805825da76410c181273ba90b1	2026-08-10T08:07:27.5655322Z ##[group]Initializing the repository
dependency + secret scan	Run actions/checkout@3d3c42e5aac5ba805825da76410c181273ba90b1	2026-08-10T08:07:27.5657323Z [command]/usr/bin/git init /home/runner/work/polis/polis
dependency + secret scan	Run actions/checkout@3d3c42e5aac5ba805825da76410c181273ba90b1	2026-08-10T08:07:27.5773108Z hint: Using 'master' as the name for the initial branch. This default branch name
dependency + secret scan	Run actions/checkout@3d3c42e5aac5ba805825da76410c181273ba90b1	2026-08-10T08:07:27.5774476Z hint: will change to "main" in Git 3.0. To configure the initial branch name
dependency + secret scan	Run actions/checkout@3d3c42e5aac5ba805825da76410c181273ba90b1	2026-08-10T08:07:27.5775677Z hint: to use in all of your new repositories, which will suppress this warning,
dependency + secret scan	Run actions/checkout@3d3c42e5aac5ba805825da76410c181273ba90b1	2026-08-10T08:07:27.5776533Z hint: call:
dependency + secret scan	Run actions/checkout@3d3c42e5aac5ba805825da76410c181273ba90b1	2026-08-10T08:07:27.5777217Z hint:
dependency + secret scan	Run actions/checkout@3d3c42e5aac5ba805825da76410c181273ba90b1	2026-08-10T08:07:27.5777953Z hint: 	git config --global init.defaultBranch <name>
dependency + secret scan	Run actions/checkout@3d3c42e5aac5ba805825da76410c181273ba90b1	2026-08-10T08:07:27.5778692Z hint:
dependency + secret scan	Run actions/checkout@3d3c42e5aac5ba805825da76410c181273ba90b1	2026-08-10T08:07:27.5779416Z hint: Names commonly chosen instead of 'master' are 'main', 'trunk' and
dependency + secret scan	Run actions/checkout@3d3c42e5aac5ba805825da76410c181273ba90b1	2026-08-10T08:07:27.5780486Z hint: 'development'. The just-created branch can be renamed via this command:
dependency + secret scan	Run actions/checkout@3d3c42e5aac5ba805825da76410c181273ba90b1	2026-08-10T08:07:27.5781371Z hint:
dependency + secret scan	Run actions/checkout@3d3c42e5aac5ba805825da76410c181273ba90b1	2026-08-10T08:07:27.5781981Z hint: 	git branch -m <name>
dependency + secret scan	Run actions/checkout@3d3c42e5aac5ba805825da76410c181273ba90b1	2026-08-10T08:07:27.5782585Z hint:
dependency + secret scan	Run actions/checkout@3d3c42e5aac5ba805825da76410c181273ba90b1	2026-08-10T08:07:27.5783278Z hint: Disable this message with "git config set advice.defaultBranchName false"
dependency + secret scan	Run actions/checkout@3d3c42e5aac5ba805825da76410c181273ba90b1	2026-08-10T08:07:27.5790539Z Initialized empty Git repository in /home/runner/work/polis/polis/.git/
dependency + secret scan	Run actions/checkout@3d3c42e5aac5ba805825da76410c181273ba90b1	2026-08-10T08:07:27.5803425Z [command]/usr/bin/git remote add origin https://github.com/basicalex/polis
dependency + secret scan	Run actions/checkout@3d3c42e5aac5ba805825da76410c181273ba90b1	2026-08-10T08:07:27.5850556Z ##[endgroup]
dependency + secret scan	Run actions/checkout@3d3c42e5aac5ba805825da76410c181273ba90b1	2026-08-10T08:07:27.5851652Z ##[group]Disabling automatic garbage collection
dependency + secret scan	Run actions/checkout@3d3c42e5aac5ba805825da76410c181273ba90b1	2026-08-10T08:07:27.5855477Z [command]/usr/bin/git config --local gc.auto 0
dependency + secret scan	Run actions/checkout@3d3c42e5aac5ba805825da76410c181273ba90b1	2026-08-10T08:07:27.5891155Z ##[endgroup]
dependency + secret scan	Run actions/checkout@3d3c42e5aac5ba805825da76410c181273ba90b1	2026-08-10T08:07:27.5892412Z ##[group]Setting up auth
dependency + secret scan	Run actions/checkout@3d3c42e5aac5ba805825da76410c181273ba90b1	2026-08-10T08:07:27.5893305Z Removing SSH command configuration
dependency + secret scan	Run actions/checkout@3d3c42e5aac5ba805825da76410c181273ba90b1	2026-08-10T08:07:27.5900127Z [command]/usr/bin/git config --local --name-only --get-regexp core\.sshCommand
dependency + secret scan	Run actions/checkout@3d3c42e5aac5ba805825da76410c181273ba90b1	2026-08-10T08:07:27.5940191Z [command]/usr/bin/git submodule foreach --recursive sh -c "git config --local --name-only --get-regexp 'core\.sshCommand' && git config --local --unset-all 'core.sshCommand' || :"
dependency + secret scan	Run actions/checkout@3d3c42e5aac5ba805825da76410c181273ba90b1	2026-08-10T08:07:27.6323515Z Removing HTTP extra header
dependency + secret scan	Run actions/checkout@3d3c42e5aac5ba805825da76410c181273ba90b1	2026-08-10T08:07:27.6329733Z [command]/usr/bin/git config --local --name-only --get-regexp http\.https\:\/\/github\.com\/\.extraheader
dependency + secret scan	Run actions/checkout@3d3c42e5aac5ba805825da76410c181273ba90b1	2026-08-10T08:07:27.6369477Z [command]/usr/bin/git submodule foreach --recursive sh -c "git config --local --name-only --get-regexp 'http\.https\:\/\/github\.com\/\.extraheader' && git config --local --unset-all 'http.https://github.com/.extraheader' || :"
dependency + secret scan	Run actions/checkout@3d3c42e5aac5ba805825da76410c181273ba90b1	2026-08-10T08:07:27.6588635Z Removing includeIf entries pointing to credentials config files
dependency + secret scan	Run actions/checkout@3d3c42e5aac5ba805825da76410c181273ba90b1	2026-08-10T08:07:27.6593743Z [command]/usr/bin/git config --local --name-only --get-regexp ^includeIf\.gitdir:
dependency + secret scan	Run actions/checkout@3d3c42e5aac5ba805825da76410c181273ba90b1	2026-08-10T08:07:27.6628610Z [command]/usr/bin/git submodule foreach --recursive git config --local --show-origin --name-only --get-regexp remote.origin.url
dependency + secret scan	Run actions/checkout@3d3c42e5aac5ba805825da76410c181273ba90b1	2026-08-10T08:07:27.6860950Z [command]/usr/bin/git config --file /home/runner/work/_temp/git-credentials-c54cc7e4-9d1a-43c3-8a52-791db328e097.config http.https://github.com/.extraheader AUTHORIZATION: basic ***
dependency + secret scan	Run actions/checkout@3d3c42e5aac5ba805825da76410c181273ba90b1	2026-08-10T08:07:27.6900738Z [command]/usr/bin/git config --local includeIf.gitdir:/home/runner/work/polis/polis/.git.path /home/runner/work/_temp/git-credentials-c54cc7e4-9d1a-43c3-8a52-791db328e097.config
dependency + secret scan	Run actions/checkout@3d3c42e5aac5ba805825da76410c181273ba90b1	2026-08-10T08:07:27.6934514Z [command]/usr/bin/git config --local includeIf.gitdir:/home/runner/work/polis/polis/.git/worktrees/*.path /home/runner/work/_temp/git-credentials-c54cc7e4-9d1a-43c3-8a52-791db328e097.config
dependency + secret scan	Run actions/checkout@3d3c42e5aac5ba805825da76410c181273ba90b1	2026-08-10T08:07:27.6972108Z [command]/usr/bin/git config --local includeIf.gitdir:/github/workspace/.git.path /github/runner_temp/git-credentials-c54cc7e4-9d1a-43c3-8a52-791db328e097.config
dependency + secret scan	Run actions/checkout@3d3c42e5aac5ba805825da76410c181273ba90b1	2026-08-10T08:07:27.7009164Z [command]/usr/bin/git config --local includeIf.gitdir:/github/workspace/.git/worktrees/*.path /github/runner_temp/git-credentials-c54cc7e4-9d1a-43c3-8a52-791db328e097.config
dependency + secret scan	Run actions/checkout@3d3c42e5aac5ba805825da76410c181273ba90b1	2026-08-10T08:07:27.7043081Z ##[endgroup]
dependency + secret scan	Run actions/checkout@3d3c42e5aac5ba805825da76410c181273ba90b1	2026-08-10T08:07:27.7044124Z ##[group]Fetching the repository
dependency + secret scan	Run actions/checkout@3d3c42e5aac5ba805825da76410c181273ba90b1	2026-08-10T08:07:27.7050706Z [command]/usr/bin/git -c protocol.version=2 fetch --no-tags --prune --no-recurse-submodules origin +refs/heads/*:refs/remotes/origin/* +refs/tags/*:refs/tags/*
dependency + secret scan	Run actions/checkout@3d3c42e5aac5ba805825da76410c181273ba90b1	2026-08-10T08:07:28.6963617Z From https://github.com/basicalex/polis
dependency + secret scan	Run actions/checkout@3d3c42e5aac5ba805825da76410c181273ba90b1	2026-08-10T08:07:28.6964580Z  * [new branch]      main       -> origin/main
dependency + secret scan	Run actions/checkout@3d3c42e5aac5ba805825da76410c181273ba90b1	2026-08-10T08:07:28.7003830Z [command]/usr/bin/git branch --list --remote origin/main
dependency + secret scan	Run actions/checkout@3d3c42e5aac5ba805825da76410c181273ba90b1	2026-08-10T08:07:28.7035064Z   origin/main
dependency + secret scan	Run actions/checkout@3d3c42e5aac5ba805825da76410c181273ba90b1	2026-08-10T08:07:28.7047973Z [command]/usr/bin/git rev-parse refs/remotes/origin/main
dependency + secret scan	Run actions/checkout@3d3c42e5aac5ba805825da76410c181273ba90b1	2026-08-10T08:07:28.7072610Z 02b26c5c922359357af3b52b7ba74b903036b696
dependency + secret scan	Run actions/checkout@3d3c42e5aac5ba805825da76410c181273ba90b1	2026-08-10T08:07:28.7079575Z ##[endgroup]
dependency + secret scan	Run actions/checkout@3d3c42e5aac5ba805825da76410c181273ba90b1	2026-08-10T08:07:28.7080556Z ##[group]Determining the checkout info
dependency + secret scan	Run actions/checkout@3d3c42e5aac5ba805825da76410c181273ba90b1	2026-08-10T08:07:28.7081692Z ##[endgroup]
dependency + secret scan	Run actions/checkout@3d3c42e5aac5ba805825da76410c181273ba90b1	2026-08-10T08:07:28.7084359Z [command]/usr/bin/git sparse-checkout disable
dependency + secret scan	Run actions/checkout@3d3c42e5aac5ba805825da76410c181273ba90b1	2026-08-10T08:07:28.7136079Z [command]/usr/bin/git config --local --unset-all extensions.worktreeConfig
dependency + secret scan	Run actions/checkout@3d3c42e5aac5ba805825da76410c181273ba90b1	2026-08-10T08:07:28.7170025Z ##[group]Checking out the ref
dependency + secret scan	Run actions/checkout@3d3c42e5aac5ba805825da76410c181273ba90b1	2026-08-10T08:07:28.7175665Z [command]/usr/bin/git checkout --progress --force -B main refs/remotes/origin/main
dependency + secret scan	Run actions/checkout@3d3c42e5aac5ba805825da76410c181273ba90b1	2026-08-10T08:07:28.7888041Z Switched to a new branch 'main'
dependency + secret scan	Run actions/checkout@3d3c42e5aac5ba805825da76410c181273ba90b1	2026-08-10T08:07:28.7891156Z branch 'main' set up to track 'origin/main'.
dependency + secret scan	Run actions/checkout@3d3c42e5aac5ba805825da76410c181273ba90b1	2026-08-10T08:07:28.7900571Z ##[endgroup]
dependency + secret scan	Run actions/checkout@3d3c42e5aac5ba805825da76410c181273ba90b1	2026-08-10T08:07:28.7948652Z [command]/usr/bin/git log -1 --format=%H
dependency + secret scan	Run actions/checkout@3d3c42e5aac5ba805825da76410c181273ba90b1	2026-08-10T08:07:28.7977756Z 02b26c5c922359357af3b52b7ba74b903036b696
dependency + secret scan	Dependency scan (osv-scanner)	﻿2026-08-10T08:07:28.8253152Z ##[group]Run google/osv-scanner-action/osv-scanner-action@98b584ee2ed2da3935ccce10e06739d54cdcd20b
dependency + secret scan	Dependency scan (osv-scanner)	2026-08-10T08:07:28.8253682Z with:
dependency + secret scan	Dependency scan (osv-scanner)	2026-08-10T08:07:28.8253947Z   scan-args: --lockfile=bun.lock
dependency + secret scan	Dependency scan (osv-scanner)	--lockfile=uv.lock
dependency + secret scan	Dependency scan (osv-scanner)	2026-08-10T08:07:28.8254256Z ##[endgroup]
dependency + secret scan	Dependency scan (osv-scanner)	2026-08-10T08:07:28.8358897Z ##[command]/usr/bin/docker run --name ghcriogoogleosvscanneractionv200_1aaae9 --label 58e4da --workdir /github/workspace --rm -e "INPUT_SCAN-ARGS" -e "HOME" -e "GITHUB_JOB" -e "GITHUB_REF" -e "GITHUB_SHA" -e "GITHUB_REPOSITORY" -e "GITHUB_REPOSITORY_OWNER" -e "GITHUB_REPOSITORY_OWNER_ID" -e "GITHUB_RUN_ID" -e "GITHUB_RUN_NUMBER" -e "GITHUB_RETENTION_DAYS" -e "GITHUB_RUN_ATTEMPT" -e "GITHUB_ACTOR_ID" -e "GITHUB_ACTOR" -e "GITHUB_WORKFLOW" -e "GITHUB_HEAD_REF" -e "GITHUB_BASE_REF" -e "GITHUB_EVENT_NAME" -e "GITHUB_SERVER_URL" -e "GITHUB_API_URL" -e "GITHUB_GRAPHQL_URL" -e "GITHUB_REF_NAME" -e "GITHUB_REF_PROTECTED" -e "GITHUB_REF_TYPE" -e "GITHUB_WORKFLOW_REF" -e "GITHUB_WORKFLOW_SHA" -e "GITHUB_REPOSITORY_ID" -e "GITHUB_TRIGGERING_ACTOR" -e "GITHUB_WORKSPACE" -e "GITHUB_ACTION" -e "GITHUB_EVENT_PATH" -e "GITHUB_ACTION_REPOSITORY" -e "GITHUB_ACTION_REF" -e "GITHUB_PATH" -e "GITHUB_ENV" -e "GITHUB_STEP_SUMMARY" -e "GITHUB_STATE" -e "GITHUB_OUTPUT" -e "GITHUB_ARTIFACTS" -e "GITHUB_ARTIFACTS_LIST" -e "RUNNER_OS" -e "RUNNER_ARCH" -e "RUNNER_NAME" -e "RUNNER_ENVIRONMENT" -e "RUNNER_TOOL_CACHE" -e "RUNNER_TEMP" -e "RUNNER_WORKSPACE" -e "ACTIONS_RUNTIME_URL" -e "ACTIONS_RUNTIME_TOKEN" -e "ACTIONS_CACHE_URL" -e "ACTIONS_RESULTS_URL" -e "ACTIONS_ORCHESTRATION_ID" -e GITHUB_ACTIONS=true -e CI=true -v "/var/run/docker.sock":"/var/run/docker.sock" -v "/home/runner/work/_temp":"/github/runner_temp" -v "/home/runner/work/_temp/_github_home":"/github/home" -v "/home/runner/work/_temp/_github_workflow":"/github/workflow" -v "/home/runner/work/_temp/_runner_file_commands":"/github/file_commands" -v "/home/runner/work/polis/polis":"/github/workspace" ghcr.io/google/osv-scanner-action:v2.0.0  "--lockfile=bun.lock
dependency + secret scan	Dependency scan (osv-scanner)	--lockfile=uv.lock"
dependency + secret scan	Dependency scan (osv-scanner)	2026-08-10T08:07:29.1183051Z Scanned /github/workspace/bun.lock file and found 629 packages
dependency + secret scan	Dependency scan (osv-scanner)	2026-08-10T08:07:29.1255695Z Scanned /github/workspace/uv.lock file and found 41 packages
dependency + secret scan	Dependency scan (osv-scanner)	2026-08-10T08:07:30.1251112Z No issues found
dependency + secret scan	Dependency scan (osv-scanner)	2026-08-10T08:07:30.1263360Z Exit code: 0
dependency + secret scan	Secret scan (gitleaks)	﻿2026-08-10T08:07:30.2043089Z ##[group]Run gitleaks/gitleaks-action@e0c47f4f8be36e29cdc102c57e68cb5cbf0e8d1e
dependency + secret scan	Secret scan (gitleaks)	2026-08-10T08:07:30.2043550Z env:
dependency + secret scan	Secret scan (gitleaks)	2026-08-10T08:07:30.2046060Z   GITHUB_TOKEN: ***
dependency + secret scan	Secret scan (gitleaks)	2026-08-10T08:07:30.2046278Z ##[endgroup]
dependency + secret scan	Secret scan (gitleaks)	2026-08-10T08:07:30.3699618Z (node:2414) [DEP0040] DeprecationWarning: The `punycode` module is deprecated. Please use a userland alternative instead.
dependency + secret scan	Secret scan (gitleaks)	2026-08-10T08:07:30.3700817Z (Use `node --trace-deprecation ...` to show where the warning was created)
dependency + secret scan	Secret scan (gitleaks)	2026-08-10T08:07:30.3824443Z (node:2414) [DEP0169] DeprecationWarning: `url.parse()` behavior is not standardized and prone to errors that have security implications. Use the WHATWG URL API instead. CVEs are not issued for `url.parse()` vulnerabilities.
dependency + secret scan	Secret scan (gitleaks)	2026-08-10T08:07:30.6143684Z [basicalex] is an individual user. No license key is required.
dependency + secret scan	Secret scan (gitleaks)	2026-08-10T08:07:30.6144440Z gitleaks version: 8.24.3
dependency + secret scan	Secret scan (gitleaks)	2026-08-10T08:07:30.6147501Z Version to install: 8.24.3 (target directory: /tmp/gitleaks-8.24.3)
dependency + secret scan	Secret scan (gitleaks)	2026-08-10T08:07:30.9256616Z Cache hit for: gitleaks-cache-8.24.3-linux-x64
dependency + secret scan	Secret scan (gitleaks)	2026-08-10T08:07:32.2232640Z Received 1518623 of 5712927 (26.6%), 1.4 MBs/sec
dependency + secret scan	Secret scan (gitleaks)	2026-08-10T08:07:32.3143976Z Received 5712927 of 5712927 (100.0%), 5.0 MBs/sec
dependency + secret scan	Secret scan (gitleaks)	2026-08-10T08:07:32.3146342Z Cache Size: ~5 MB (5712927 B)
dependency + secret scan	Secret scan (gitleaks)	2026-08-10T08:07:32.3176777Z [command]/usr/bin/tar -xf /home/runner/work/_temp/382813ca-6fc1-4683-af86-28d2f0febf54/cache.tzst -P -C /home/runner/work/polis/polis --use-compress-program unzstd
dependency + secret scan	Secret scan (gitleaks)	2026-08-10T08:07:32.3524053Z Cache restored successfully
dependency + secret scan	Secret scan (gitleaks)	2026-08-10T08:07:32.3529841Z Gitleaks restored from cache
dependency + secret scan	Secret scan (gitleaks)	2026-08-10T08:07:32.3532399Z event type: push
dependency + secret scan	Secret scan (gitleaks)	2026-08-10T08:07:32.3534653Z gitleaks cmd: gitleaks detect --redact -v --exit-code=2 --report-format=sarif --report-path=results.sarif --log-level=debug --log-opts=-1
dependency + secret scan	Secret scan (gitleaks)	2026-08-10T08:07:32.3550807Z [command]/tmp/gitleaks-8.24.3/gitleaks detect --redact -v --exit-code=2 --report-format=sarif --report-path=results.sarif --log-level=debug --log-opts=-1
dependency + secret scan	Secret scan (gitleaks)	2026-08-10T08:07:32.6229079Z 
dependency + secret scan	Secret scan (gitleaks)	2026-08-10T08:07:32.6229711Z     ○
dependency + secret scan	Secret scan (gitleaks)	2026-08-10T08:07:32.6229998Z     │╲
dependency + secret scan	Secret scan (gitleaks)	2026-08-10T08:07:32.6230242Z     │ ○
dependency + secret scan	Secret scan (gitleaks)	2026-08-10T08:07:32.6230446Z     ○ ░
dependency + secret scan	Secret scan (gitleaks)	2026-08-10T08:07:32.6231241Z     ░    gitleaks
dependency + secret scan	Secret scan (gitleaks)	2026-08-10T08:07:32.6231384Z 
dependency + secret scan	Secret scan (gitleaks)	2026-08-10T08:07:32.6232045Z ^[[90m8:07AM^[[0m DBG using github.com/wasilibs/go-re2 regex engine
dependency + secret scan	Secret scan (gitleaks)	2026-08-10T08:07:32.6232923Z ^[[90m8:07AM^[[0m DBG no gitleaks config found in path .gitleaks.toml, using default gitleaks config
dependency + secret scan	Secret scan (gitleaks)	2026-08-10T08:07:32.7604851Z ^[[90m8:07AM^[[0m DBG found .gitleaksignore file: .gitleaksignore
dependency + secret scan	Secret scan (gitleaks)	2026-08-10T08:07:32.7606142Z ^[[90m8:07AM^[[0m DBG found .gitleaksignore file: .gitleaksignore
dependency + secret scan	Secret scan (gitleaks)	2026-08-10T08:07:32.7607717Z ^[[90m8:07AM^[[0m DBG executing: /usr/bin/git -C . log -p -U0 -1
dependency + secret scan	Secret scan (gitleaks)	2026-08-10T08:07:32.7649600Z ^[[90m8:07AM^[[0m DBG SCM platform parsed from host ^[[36mhost=^[[0mgithub.com ^[[36mplatform=^[[0mgithub
dependency + secret scan	Secret scan (gitleaks)	2026-08-10T08:07:32.7662840Z ^[[90m8:07AM^[[0m ^[[32mINF^[[0m ^[[1m1 commits scanned.^[[0m
dependency + secret scan	Secret scan (gitleaks)	2026-08-10T08:07:32.7663590Z ^[[90m8:07AM^[[0m DBG Note: this number might be smaller than expected due to commits with no additions
dependency + secret scan	Secret scan (gitleaks)	2026-08-10T08:07:32.7664254Z ^[[90m8:07AM^[[0m ^[[32mINF^[[0m ^[[1mscanned ~702 bytes (702 bytes) in 144ms^[[0m
dependency + secret scan	Secret scan (gitleaks)	2026-08-10T08:07:32.7664702Z ^[[90m8:07AM^[[0m ^[[32mINF^[[0m ^[[1mno leaks found^[[0m
dependency + secret scan	Secret scan (gitleaks)	2026-08-10T08:07:32.7695499Z Artifact name is valid!
dependency + secret scan	Secret scan (gitleaks)	2026-08-10T08:07:32.7696662Z Root directory input is valid!
dependency + secret scan	Secret scan (gitleaks)	2026-08-10T08:07:33.0983683Z Beginning upload of artifact content to blob storage
dependency + secret scan	Secret scan (gitleaks)	2026-08-10T08:07:33.4026283Z Uploaded bytes 6752
dependency + secret scan	Secret scan (gitleaks)	2026-08-10T08:07:33.4810025Z Finished uploading artifact content to blob storage!
dependency + secret scan	Secret scan (gitleaks)	2026-08-10T08:07:33.4810849Z SHA256 digest of uploaded artifact zip is 67232f88757f7cf67192cba8442e2a5509c25852ad8ee96d91e649e613f8ffc7
dependency + secret scan	Secret scan (gitleaks)	2026-08-10T08:07:33.4813669Z Finalizing artifact upload
dependency + secret scan	Secret scan (gitleaks)	2026-08-10T08:07:33.8787968Z Artifact gitleaks-results.sarif.zip successfully finalized. Artifact ID 9055157553
dependency + secret scan	Secret scan (gitleaks)	2026-08-10T08:07:33.8788881Z ✅ No leaks detected
dependency + secret scan	Post Run actions/checkout@3d3c42e5aac5ba805825da76410c181273ba90b1	﻿2026-08-10T08:07:33.8981462Z Post job cleanup.
dependency + secret scan	Post Run actions/checkout@3d3c42e5aac5ba805825da76410c181273ba90b1	2026-08-10T08:07:33.9795447Z [command]/usr/bin/git version
dependency + secret scan	Post Run actions/checkout@3d3c42e5aac5ba805825da76410c181273ba90b1	2026-08-10T08:07:33.9841906Z git version 2.54.0
dependency + secret scan	Post Run actions/checkout@3d3c42e5aac5ba805825da76410c181273ba90b1	2026-08-10T08:07:33.9884117Z Temporarily overriding HOME='/home/runner/work/_temp/ff352544-6424-410b-9042-7fc6a61ff705' before making global git config changes
dependency + secret scan	Post Run actions/checkout@3d3c42e5aac5ba805825da76410c181273ba90b1	2026-08-10T08:07:33.9885470Z Adding repository directory to the temporary git global config as a safe directory
dependency + secret scan	Post Run actions/checkout@3d3c42e5aac5ba805825da76410c181273ba90b1	2026-08-10T08:07:33.9900035Z [command]/usr/bin/git config --global --add safe.directory /home/runner/work/polis/polis
dependency + secret scan	Post Run actions/checkout@3d3c42e5aac5ba805825da76410c181273ba90b1	2026-08-10T08:07:33.9939570Z Removing SSH command configuration
dependency + secret scan	Post Run actions/checkout@3d3c42e5aac5ba805825da76410c181273ba90b1	2026-08-10T08:07:33.9952128Z [command]/usr/bin/git config --local --name-only --get-regexp core\.sshCommand
dependency + secret scan	Post Run actions/checkout@3d3c42e5aac5ba805825da76410c181273ba90b1	2026-08-10T08:07:34.0002200Z [command]/usr/bin/git submodule foreach --recursive sh -c "git config --local --name-only --get-regexp 'core\.sshCommand' && git config --local --unset-all 'core.sshCommand' || :"
dependency + secret scan	Post Run actions/checkout@3d3c42e5aac5ba805825da76410c181273ba90b1	2026-08-10T08:07:34.0244951Z Removing HTTP extra header
dependency + secret scan	Post Run actions/checkout@3d3c42e5aac5ba805825da76410c181273ba90b1	2026-08-10T08:07:34.0252052Z [command]/usr/bin/git config --local --name-only --get-regexp http\.https\:\/\/github\.com\/\.extraheader
dependency + secret scan	Post Run actions/checkout@3d3c42e5aac5ba805825da76410c181273ba90b1	2026-08-10T08:07:34.0295567Z [command]/usr/bin/git submodule foreach --recursive sh -c "git config --local --name-only --get-regexp 'http\.https\:\/\/github\.com\/\.extraheader' && git config --local --unset-all 'http.https://github.com/.extraheader' || :"
dependency + secret scan	Post Run actions/checkout@3d3c42e5aac5ba805825da76410c181273ba90b1	2026-08-10T08:07:34.0559365Z Removing includeIf entries pointing to credentials config files
dependency + secret scan	Post Run actions/checkout@3d3c42e5aac5ba805825da76410c181273ba90b1	2026-08-10T08:07:34.0560214Z [command]/usr/bin/git config --local --name-only --get-regexp ^includeIf\.gitdir:
dependency + secret scan	Post Run actions/checkout@3d3c42e5aac5ba805825da76410c181273ba90b1	2026-08-10T08:07:34.0593620Z includeif.gitdir:/home/runner/work/polis/polis/.git.path
dependency + secret scan	Post Run actions/checkout@3d3c42e5aac5ba805825da76410c181273ba90b1	2026-08-10T08:07:34.0594832Z includeif.gitdir:/home/runner/work/polis/polis/.git/worktrees/*.path
dependency + secret scan	Post Run actions/checkout@3d3c42e5aac5ba805825da76410c181273ba90b1	2026-08-10T08:07:34.0596044Z includeif.gitdir:/github/workspace/.git.path
dependency + secret scan	Post Run actions/checkout@3d3c42e5aac5ba805825da76410c181273ba90b1	2026-08-10T08:07:34.0596943Z includeif.gitdir:/github/workspace/.git/worktrees/*.path
dependency + secret scan	Post Run actions/checkout@3d3c42e5aac5ba805825da76410c181273ba90b1	2026-08-10T08:07:34.0604105Z [command]/usr/bin/git config --local --get-all includeif.gitdir:/home/runner/work/polis/polis/.git.path
dependency + secret scan	Post Run actions/checkout@3d3c42e5aac5ba805825da76410c181273ba90b1	2026-08-10T08:07:34.0637217Z /home/runner/work/_temp/git-credentials-c54cc7e4-9d1a-43c3-8a52-791db328e097.config
dependency + secret scan	Post Run actions/checkout@3d3c42e5aac5ba805825da76410c181273ba90b1	2026-08-10T08:07:34.0648566Z [command]/usr/bin/git config --local --unset includeif.gitdir:/home/runner/work/polis/polis/.git.path \/home\/runner\/work\/_temp\/git\-credentials\-c54cc7e4\-9d1a\-43c3\-8a52\-791db328e097\.config
dependency + secret scan	Post Run actions/checkout@3d3c42e5aac5ba805825da76410c181273ba90b1	2026-08-10T08:07:34.0701611Z [command]/usr/bin/git config --local --get-all includeif.gitdir:/home/runner/work/polis/polis/.git/worktrees/*.path
dependency + secret scan	Post Run actions/checkout@3d3c42e5aac5ba805825da76410c181273ba90b1	2026-08-10T08:07:34.0731982Z /home/runner/work/_temp/git-credentials-c54cc7e4-9d1a-43c3-8a52-791db328e097.config
dependency + secret scan	Post Run actions/checkout@3d3c42e5aac5ba805825da76410c181273ba90b1	2026-08-10T08:07:34.0753164Z [command]/usr/bin/git config --local --unset includeif.gitdir:/home/runner/work/polis/polis/.git/worktrees/*.path \/home\/runner\/work\/_temp\/git\-credentials\-c54cc7e4\-9d1a\-43c3\-8a52\-791db328e097\.config
dependency + secret scan	Post Run actions/checkout@3d3c42e5aac5ba805825da76410c181273ba90b1	2026-08-10T08:07:34.0791269Z [command]/usr/bin/git config --local --get-all includeif.gitdir:/github/workspace/.git.path
dependency + secret scan	Post Run actions/checkout@3d3c42e5aac5ba805825da76410c181273ba90b1	2026-08-10T08:07:34.0823573Z /github/runner_temp/git-credentials-c54cc7e4-9d1a-43c3-8a52-791db328e097.config
dependency + secret scan	Post Run actions/checkout@3d3c42e5aac5ba805825da76410c181273ba90b1	2026-08-10T08:07:34.0831967Z [command]/usr/bin/git config --local --unset includeif.gitdir:/github/workspace/.git.path \/github\/runner_temp\/git\-credentials\-c54cc7e4\-9d1a\-43c3\-8a52\-791db328e097\.config
dependency + secret scan	Post Run actions/checkout@3d3c42e5aac5ba805825da76410c181273ba90b1	2026-08-10T08:07:34.0870885Z [command]/usr/bin/git config --local --get-all includeif.gitdir:/github/workspace/.git/worktrees/*.path
dependency + secret scan	Post Run actions/checkout@3d3c42e5aac5ba805825da76410c181273ba90b1	2026-08-10T08:07:34.0897298Z /github/runner_temp/git-credentials-c54cc7e4-9d1a-43c3-8a52-791db328e097.config
dependency + secret scan	Post Run actions/checkout@3d3c42e5aac5ba805825da76410c181273ba90b1	2026-08-10T08:07:34.0910484Z [command]/usr/bin/git config --local --unset includeif.gitdir:/github/workspace/.git/worktrees/*.path \/github\/runner_temp\/git\-credentials\-c54cc7e4\-9d1a\-43c3\-8a52\-791db328e097\.config
dependency + secret scan	Post Run actions/checkout@3d3c42e5aac5ba805825da76410c181273ba90b1	2026-08-10T08:07:34.0951029Z [command]/usr/bin/git submodule foreach --recursive git config --local --show-origin --name-only --get-regexp remote.origin.url
dependency + secret scan	Post Run actions/checkout@3d3c42e5aac5ba805825da76410c181273ba90b1	2026-08-10T08:07:34.1196143Z Removing credentials config '/home/runner/work/_temp/git-credentials-c54cc7e4-9d1a-43c3-8a52-791db328e097.config'
dependency + secret scan	Complete job	﻿2026-08-10T08:07:34.1356101Z Cleaning up orphan processes
